Season,Category,Round_Number,Event_Name,Date,Rider_Name,Sprint_Points,Main_Race_Points,Points_Earned,Cumulative_Points,Gap_To_Leader,Is_Zero_Points,Weather
2026,MOTOGP,1,Thailand,2026-03-01,Marc Marquez,9,0,9,9,-23,0,Dry
2026,MOTOGP,1,Thailand,2026-03-01,Jorge Martin,5,13,18,18,-14,0,Dry
2026,MOTOGP,1,Thailand,2026-03-01,Marco Bezzecchi,0,25,25,25,-7,0,Dry
2026,MOTOGP,1,Thailand,2026-03-01,Pedro Acosta,12,20,32,32,0,0,Dry
2026,MOTOGP,1,Thailand,2026-03-01,Ai Ogura,6,11,17,17,-15,0,Dry
2026,MOTOGP,1,Thailand,2026-03-01,Fabio Di Giannantonio,2,10,12,12,-20,0,Dry
2026,MOTOGP,1,Thailand,2026-03-01,Raul Fernandez,7,16,23,23,-9,0,Dry
2026,MOTOGP,1,Thailand,2026-03-01,Francesco Bagnaia,1,7,8,8,-24,0,Dry
2026,MOTOGP,1,Thailand,2026-03-01,Alex Marquez,0,0,0,0,-32,1,Dry
2026,MOTOGP,1,Thailand,2026-03-01,Fermin Aldeguer,0,0,0,0,-32,1,Dry
2026,MOTOGP,1,Thailand,2026-03-01,Enea Bastianini,0,4,4,4,-28,0,Dry
2026,MOTOGP,1,Thailand,2026-03-01,Luca Marini,0,6,6,6,-26,0,Dry
2026,MOTOGP,1,Thailand,2026-03-01,Brad Binder,4,9,13,13,-19,0,Dry
2026,MOTOGP,1,Thailand,2026-03-01,Diogo Moreira,0,3,3,3,-29,0,Dry
2026,MOTOGP,1,Thailand,2026-03-01,Fabio Quartararo,0,2,2,2,-30,0,Dry
2026,MOTOGP,1,Thailand,2026-03-01,Franco Morbidelli,0,8,8,8,-24,0,Dry
2026,MOTOGP,1,Thailand,2026-03-01,Johann Zarco,0,5,5,5,-27,0,Dry
2026,MOTOGP,1,Thailand,2026-03-01,Joan Mir,3,0,3,3,-29,0,Dry
2026,MOTOGP,1,Thailand,2026-03-01,Jack Miller,0,0,0,0,-32,1,Dry
2026,MOTOGP,1,Thailand,2026-03-01,Alex Rins,0,1,1,1,-31,0,Dry
2026,MOTOGP,1,Thailand,2026-03-01,Toprak Razgatlioglu,0,0,0,0,-32,1,Dry
2026,MOTOGP,1,Thailand,2026-03-01,Maverick Viñales,0,0,0,0,-32,1,Dry
2026,MOTOGP,1,Thailand,2026-03-01,Iker Lecuona,0,0,0,0,-32,1,Dry
2026,MOTOGP,1,Thailand,2026-03-01,Augusto Fernandez,0,0,0,0,-32,1,Dry
2026,MOTOGP,1,Thailand,2026-03-01,Pol Espargaro,0,0,0,0,-32,1,Dry
2026,MOTOGP,1,Thailand,2026-03-01,Somkiat Chantra,0,0,0,0,-32,1,Dry
2026,MOTOGP,1,Thailand,2026-03-01,Takaaki Nakagami,0,0,0,0,-32,1,Dry
2026,MOTOGP,1,Thailand,2026-03-01,Cal Crutchlow,0,0,0,0,-32,1,Dry
2026,MOTOGP,1,Thailand,2026-03-01,Jonas Folger,0,0,0,0,-32,1,Dry
2026,MOTOGP,1,Thailand,2026-03-01,Lorenzo Savadori,0,0,0,0,-32,1,Dry
2026,MOTOGP,1,Thailand,2026-03-01,Michele Pirro,0,0,0,0,-32,1,Dry
2026,MOTOGP,1,Thailand,2026-03-01,Aleix Espargaro,0,0,0,0,-32,1,Dry
2026,MOTOGP,2,Brazil,2026-03-22,Marc Marquez,12,13,25,34,-22,0,Dry
2026,MOTOGP,2,Brazil,2026-03-22,Jorge Martin,7,20,27,45,-11,0,Dry
2026,MOTOGP,2,Brazil,2026-03-22,Marco Bezzecchi,6,25,31,56,0,0,Dry
2026,MOTOGP,2,Brazil,2026-03-22,Pedro Acosta,1,9,10,42,-14,0,Dry
2026,MOTOGP,2,Brazil,2026-03-22,Ai Ogura,5,11,16,33,-23,0,Dry
2026,MOTOGP,2,Brazil,2026-03-22,Fabio Di Giannantonio,9,16,25,37,-19,0,Dry
2026,MOTOGP,2,Brazil,2026-03-22,Raul Fernandez,0,6,6,29,-27,0,Dry
2026,MOTOGP,2,Brazil,2026-03-22,Francesco Bagnaia,2,0,2,10,-46,0,Dry
2026,MOTOGP,2,Brazil,2026-03-22,Alex Marquez,3,10,13,13,-43,0,Dry
2026,MOTOGP,2,Brazil,2026-03-22,Fermin Aldeguer,0,8,8,8,-48,0,Dry
2026,MOTOGP,2,Brazil,2026-03-22,Enea Bastianini,0,1,1,5,-51,0,Dry
2026,MOTOGP,2,Brazil,2026-03-22,Luca Marini,0,5,5,11,-45,0,Dry
2026,MOTOGP,2,Brazil,2026-03-22,Brad Binder,0,0,0,13,-43,1,Dry
2026,MOTOGP,2,Brazil,2026-03-22,Diogo Moreira,0,3,3,6,-50,0,Dry
2026,MOTOGP,2,Brazil,2026-03-22,Fabio Quartararo,4,0,4,6,-50,0,Dry
2026,MOTOGP,2,Brazil,2026-03-22,Franco Morbidelli,0,4,4,12,-44,0,Dry
2026,MOTOGP,2,Brazil,2026-03-22,Johann Zarco,0,7,7,12,-44,0,Dry
2026,MOTOGP,2,Brazil,2026-03-22,Joan Mir,0,0,0,3,-53,1,Dry
2026,MOTOGP,2,Brazil,2026-03-22,Jack Miller,0,0,0,0,-56,1,Dry
2026,MOTOGP,2,Brazil,2026-03-22,Alex Rins,0,2,2,3,-53,0,Dry
2026,MOTOGP,2,Brazil,2026-03-22,Toprak Razgatlioglu,0,0,0,0,-56,1,Dry
2026,MOTOGP,2,Brazil,2026-03-22,Maverick Viñales,0,0,0,0,-56,1,Dry
2026,MOTOGP,2,Brazil,2026-03-22,Iker Lecuona,0,0,0,0,-56,1,Dry
2026,MOTOGP,2,Brazil,2026-03-22,Augusto Fernandez,0,0,0,0,-56,1,Dry
2026,MOTOGP,2,Brazil,2026-03-22,Pol Espargaro,0,0,0,0,-56,1,Dry
2026,MOTOGP,2,Brazil,2026-03-22,Somkiat Chantra,0,0,0,0,-56,1,Dry
2026,MOTOGP,2,Brazil,2026-03-22,Takaaki Nakagami,0,0,0,0,-56,1,Dry
2026,MOTOGP,2,Brazil,2026-03-22,Cal Crutchlow,0,0,0,0,-56,1,Dry
2026,MOTOGP,2,Brazil,2026-03-22,Jonas Folger,0,0,0,0,-56,1,Dry
2026,MOTOGP,2,Brazil,2026-03-22,Lorenzo Savadori,0,0,0,0,-56,1,Dry
2026,MOTOGP,2,Brazil,2026-03-22,Michele Pirro,0,0,0,0,-56,1,Dry
2026,MOTOGP,2,Brazil,2026-03-22,Aleix Espargaro,0,0,0,0,-56,1,Dry
2026,MOTOGP,3,USA,2026-03-29,Marc Marquez,0,11,11,45,-36,0,Dry
2026,MOTOGP,3,USA,2026-03-29,Jorge Martin,12,20,32,77,-4,0,Dry
2026,MOTOGP,3,USA,2026-03-29,Marco Bezzecchi,0,25,25,81,0,0,Dry
2026,MOTOGP,3,USA,2026-03-29,Pedro Acosta,2,16,18,60,-21,0,Dry
2026,MOTOGP,3,USA,2026-03-29,Ai Ogura,4,0,4,37,-44,0,Dry
2026,MOTOGP,3,USA,2026-03-29,Fabio Di Giannantonio,0,13,13,50,-31,0,Dry
2026,MOTOGP,3,USA,2026-03-29,Raul Fernandez,3,8,11,40,-41,0,Dry
2026,MOTOGP,3,USA,2026-03-29,Francesco Bagnaia,9,6,15,25,-56,0,Dry
2026,MOTOGP,3,USA,2026-03-29,Alex Marquez,6,9,15,28,-53,0,Dry
2026,MOTOGP,3,USA,2026-03-29,Fermin Aldeguer,0,5,5,13,-68,0,Dry
2026,MOTOGP,3,USA,2026-03-29,Enea Bastianini,7,10,17,22,-59,0,Dry
2026,MOTOGP,3,USA,2026-03-29,Luca Marini,5,7,12,23,-58,0,Dry
2026,MOTOGP,3,USA,2026-03-29,Brad Binder,0,4,4,17,-64,0,Dry
2026,MOTOGP,3,USA,2026-03-29,Diogo Moreira,0,3,3,9,-72,0,Dry
2026,MOTOGP,3,USA,2026-03-29,Fabio Quartararo,0,0,0,6,-75,1,Dry
2026,MOTOGP,3,USA,2026-03-29,Franco Morbidelli,0,2,2,14,-67,0,Dry
2026,MOTOGP,3,USA,2026-03-29,Johann Zarco,1,0,1,13,-68,0,Dry
2026,MOTOGP,3,USA,2026-03-29,Joan Mir,0,0,0,3,-78,1,Dry
2026,MOTOGP,3,USA,2026-03-29,Jack Miller,0,0,0,0,-81,1,Dry
2026,MOTOGP,3,USA,2026-03-29,Alex Rins,0,0,0,3,-78,1,Dry
2026,MOTOGP,3,USA,2026-03-29,Toprak Razgatlioglu,0,1,1,1,-80,0,Dry
2026,MOTOGP,3,USA,2026-03-29,Maverick Viñales,0,0,0,0,-81,1,Dry
2026,MOTOGP,3,USA,2026-03-29,Iker Lecuona,0,0,0,0,-81,1,Dry
2026,MOTOGP,3,USA,2026-03-29,Augusto Fernandez,0,0,0,0,-81,1,Dry
2026,MOTOGP,3,USA,2026-03-29,Pol Espargaro,0,0,0,0,-81,1,Dry
2026,MOTOGP,3,USA,2026-03-29,Somkiat Chantra,0,0,0,0,-81,1,Dry
2026,MOTOGP,3,USA,2026-03-29,Takaaki Nakagami,0,0,0,0,-81,1,Dry
2026,MOTOGP,3,USA,2026-03-29,Cal Crutchlow,0,0,0,0,-81,1,Dry
2026,MOTOGP,3,USA,2026-03-29,Jonas Folger,0,0,0,0,-81,1,Dry
2026,MOTOGP,3,USA,2026-03-29,Lorenzo Savadori,0,0,0,0,-81,1,Dry
2026,MOTOGP,3,USA,2026-03-29,Michele Pirro,0,0,0,0,-81,1,Dry
2026,MOTOGP,3,USA,2026-03-29,Aleix Espargaro,0,0,0,0,-81,1,Dry
2026,MOTOGP,4,Spain,2026-04-26,Marc Marquez,12,0,12,57,-44,0,Dry
2026,MOTOGP,4,Spain,2026-04-26,Jorge Martin,0,13,13,90,-11,0,Dry
2026,MOTOGP,4,Spain,2026-04-26,Marco Bezzecchi,0,20,20,101,0,0,Dry
2026,MOTOGP,4,Spain,2026-04-26,Pedro Acosta,0,6,6,66,-35,0,Dry
2026,MOTOGP,4,Spain,2026-04-26,Ai Ogura,0,11,11,48,-53,0,Dry
2026,MOTOGP,4,Spain,2026-04-26,Fabio Di Giannantonio,5,16,21,71,-30,0,Dry
2026,MOTOGP,4,Spain,2026-04-26,Raul Fernandez,4,10,14,54,-47,0,Dry
2026,MOTOGP,4,Spain,2026-04-26,Francesco Bagnaia,9,0,9,34,-67,0,Dry
2026,MOTOGP,4,Spain,2026-04-26,Alex Marquez,0,25,25,53,-48,0,Dry
2026,MOTOGP,4,Spain,2026-04-26,Fermin Aldeguer,0,7,7,20,-81,0,Dry
2026,MOTOGP,4,Spain,2026-04-26,Enea Bastianini,0,8,8,30,-71,0,Dry
2026,MOTOGP,4,Spain,2026-04-26,Luca Marini,1,3,4,27,-74,0,Dry
2026,MOTOGP,4,Spain,2026-04-26,Brad Binder,6,5,11,28,-73,0,Dry
2026,MOTOGP,4,Spain,2026-04-26,Diogo Moreira,0,0,0,9,-92,1,Dry
2026,MOTOGP,4,Spain,2026-04-26,Fabio Quartararo,3,2,5,11,-90,0,Dry
2026,MOTOGP,4,Spain,2026-04-26,Franco Morbidelli,7,4,11,25,-76,0,Dry
2026,MOTOGP,4,Spain,2026-04-26,Johann Zarco,2,9,11,24,-77,0,Dry
2026,MOTOGP,4,Spain,2026-04-26,Joan Mir,0,1,1,4,-97,0,Dry
2026,MOTOGP,4,Spain,2026-04-26,Jack Miller,0,0,0,0,-101,1,Dry
2026,MOTOGP,4,Spain,2026-04-26,Alex Rins,0,0,0,3,-98,1,Dry
2026,MOTOGP,4,Spain,2026-04-26,Toprak Razgatlioglu,0,0,0,1,-100,1,Dry
2026,MOTOGP,4,Spain,2026-04-26,Maverick Viñales,0,0,0,0,-101,1,Dry
2026,MOTOGP,4,Spain,2026-04-26,Iker Lecuona,0,0,0,0,-101,1,Dry
2026,MOTOGP,4,Spain,2026-04-26,Augusto Fernandez,0,0,0,0,-101,1,Dry
2026,MOTOGP,4,Spain,2026-04-26,Pol Espargaro,0,0,0,0,-101,1,Dry
2026,MOTOGP,4,Spain,2026-04-26,Somkiat Chantra,0,0,0,0,-101,1,Dry
2026,MOTOGP,4,Spain,2026-04-26,Takaaki Nakagami,0,0,0,0,-101,1,Dry
2026,MOTOGP,4,Spain,2026-04-26,Cal Crutchlow,0,0,0,0,-101,1,Dry
2026,MOTOGP,4,Spain,2026-04-26,Jonas Folger,0,0,0,0,-101,1,Dry
2026,MOTOGP,4,Spain,2026-04-26,Lorenzo Savadori,0,0,0,0,-101,1,Dry
2026,MOTOGP,4,Spain,2026-04-26,Michele Pirro,0,0,0,0,-101,1,Dry
2026,MOTOGP,4,Spain,2026-04-26,Aleix Espargaro,0,0,0,0,-101,1,Dry
2026,MOTOGP,5,France,2026-05-10,Marc Marquez,0,0,0,57,-71,1,Dry
2026,MOTOGP,5,France,2026-05-10,Jorge Martin,12,25,37,127,-1,0,Dry
2026,MOTOGP,5,France,2026-05-10,Marco Bezzecchi,7,20,27,128,0,0,Dry
2026,MOTOGP,5,France,2026-05-10,Pedro Acosta,6,11,17,83,-45,0,Dry
2026,MOTOGP,5,France,2026-05-10,Ai Ogura,3,16,19,67,-61,0,Dry
2026,MOTOGP,5,France,2026-05-10,Fabio Di Giannantonio,0,13,13,84,-44,0,Dry
2026,MOTOGP,5,France,2026-05-10,Raul Fernandez,0,8,8,62,-66,0,Dry
2026,MOTOGP,5,France,2026-05-10,Francesco Bagnaia,9,0,9,43,-85,0,Dry
2026,MOTOGP,5,France,2026-05-10,Alex Marquez,2,0,2,55,-73,0,Dry
2026,MOTOGP,5,France,2026-05-10,Fermin Aldeguer,0,7,7,27,-101,0,Dry
2026,MOTOGP,5,France,2026-05-10,Enea Bastianini,0,9,9,39,-89,0,Dry
2026,MOTOGP,5,France,2026-05-10,Luca Marini,0,6,6,33,-95,0,Dry
2026,MOTOGP,5,France,2026-05-10,Brad Binder,0,0,0,28,-100,1,Dry
2026,MOTOGP,5,France,2026-05-10,Diogo Moreira,1,0,1,10,-118,0,Dry
2026,MOTOGP,5,France,2026-05-10,Fabio Quartararo,5,10,15,26,-102,0,Dry
2026,MOTOGP,5,France,2026-05-10,Franco Morbidelli,0,2,2,27,-101,0,Dry
2026,MOTOGP,5,France,2026-05-10,Johann Zarco,0,5,5,29,-99,0,Dry
2026,MOTOGP,5,France,2026-05-10,Joan Mir,4,0,4,8,-120,0,Dry
2026,MOTOGP,5,France,2026-05-10,Jack Miller,0,1,1,1,-127,0,Dry
2026,MOTOGP,5,France,2026-05-10,Alex Rins,0,4,4,7,-121,0,Dry
2026,MOTOGP,5,France,2026-05-10,Toprak Razgatlioglu,0,3,3,4,-124,0,Dry
2026,MOTOGP,5,France,2026-05-10,Maverick Viñales,0,0,0,0,-128,1,Dry
2026,MOTOGP,5,France,2026-05-10,Iker Lecuona,0,0,0,0,-128,1,Dry
2026,MOTOGP,5,France,2026-05-10,Augusto Fernandez,0,0,0,0,-128,1,Dry
2026,MOTOGP,5,France,2026-05-10,Pol Espargaro,0,0,0,0,-128,1,Dry
2026,MOTOGP,5,France,2026-05-10,Somkiat Chantra,0,0,0,0,-128,1,Dry
2026,MOTOGP,5,France,2026-05-10,Takaaki Nakagami,0,0,0,0,-128,1,Dry
2026,MOTOGP,5,France,2026-05-10,Cal Crutchlow,0,0,0,0,-128,1,Dry
2026,MOTOGP,5,France,2026-05-10,Jonas Folger,0,0,0,0,-128,1,Dry
2026,MOTOGP,5,France,2026-05-10,Lorenzo Savadori,0,0,0,0,-128,1,Dry
2026,MOTOGP,5,France,2026-05-10,Michele Pirro,0,0,0,0,-128,1,Dry
2026,MOTOGP,5,France,2026-05-10,Aleix Espargaro,0,0,0,0,-128,1,Dry
2026,MOTOGP,6,Catalonia,2026-05-17,Marc Marquez,0,0,0,57,-72,1,Dry
2026,MOTOGP,6,Catalonia,2026-05-17,Jorge Martin,0,0,0,127,-2,1,Dry
2026,MOTOGP,6,Catalonia,2026-05-17,Marco Bezzecchi,1,0,1,129,0,0,Dry
2026,MOTOGP,6,Catalonia,2026-05-17,Pedro Acosta,9,0,9,92,-37,0,Dry
2026,MOTOGP,6,Catalonia,2026-05-17,Ai Ogura,2,0,2,69,-60,0,Dry
2026,MOTOGP,6,Catalonia,2026-05-17,Fabio Di Giannantonio,7,0,7,91,-38,0,Dry
2026,MOTOGP,6,Catalonia,2026-05-17,Raul Fernandez,6,0,6,68,-61,0,Dry
2026,MOTOGP,6,Catalonia,2026-05-17,Francesco Bagnaia,4,0,4,47,-82,0,Dry
2026,MOTOGP,6,Catalonia,2026-05-17,Alex Marquez,12,0,12,67,-62,0,Dry
2026,MOTOGP,6,Catalonia,2026-05-17,Fermin Aldeguer,0,0,0,27,-102,1,Dry
2026,MOTOGP,6,Catalonia,2026-05-17,Enea Bastianini,0,0,0,39,-90,1,Dry
2026,MOTOGP,6,Catalonia,2026-05-17,Luca Marini,0,0,0,33,-96,1,Dry
2026,MOTOGP,6,Catalonia,2026-05-17,Brad Binder,0,0,0,28,-101,1,Dry
2026,MOTOGP,6,Catalonia,2026-05-17,Diogo Moreira,0,0,0,10,-119,1,Dry
2026,MOTOGP,6,Catalonia,2026-05-17,Fabio Quartararo,0,0,0,26,-103,1,Dry
2026,MOTOGP,6,Catalonia,2026-05-17,Franco Morbidelli,3,0,3,30,-99,0,Dry
2026,MOTOGP,6,Catalonia,2026-05-17,Johann Zarco,5,0,5,34,-95,0,Dry
2026,MOTOGP,6,Catalonia,2026-05-17,Joan Mir,0,0,0,8,-121,1,Dry
2026,MOTOGP,6,Catalonia,2026-05-17,Jack Miller,0,0,0,1,-128,1,Dry
2026,MOTOGP,6,Catalonia,2026-05-17,Alex Rins,0,0,0,7,-122,1,Dry
2026,MOTOGP,6,Catalonia,2026-05-17,Toprak Razgatlioglu,0,0,0,4,-125,1,Dry
2026,MOTOGP,6,Catalonia,2026-05-17,Maverick Viñales,0,0,0,0,-129,1,Dry
2026,MOTOGP,6,Catalonia,2026-05-17,Iker Lecuona,0,0,0,0,-129,1,Dry
2026,MOTOGP,6,Catalonia,2026-05-17,Augusto Fernandez,0,0,0,0,-129,1,Dry
2026,MOTOGP,6,Catalonia,2026-05-17,Pol Espargaro,0,0,0,0,-129,1,Dry
2026,MOTOGP,6,Catalonia,2026-05-17,Somkiat Chantra,0,0,0,0,-129,1,Dry
2026,MOTOGP,6,Catalonia,2026-05-17,Takaaki Nakagami,0,0,0,0,-129,1,Dry
2026,MOTOGP,6,Catalonia,2026-05-17,Cal Crutchlow,0,0,0,0,-129,1,Dry
2026,MOTOGP,6,Catalonia,2026-05-17,Jonas Folger,0,0,0,0,-129,1,Dry
2026,MOTOGP,6,Catalonia,2026-05-17,Lorenzo Savadori,0,0,0,0,-129,1,Dry
2026,MOTOGP,6,Catalonia,2026-05-17,Michele Pirro,0,0,0,0,-129,1,Dry
2026,MOTOGP,6,Catalonia,2026-05-17,Aleix Espargaro,0,0,0,0,-129,1,Dry
2026,MOTOGP,7,Italy,2026-05-31,Marc Marquez,5,9,14,71,-89,0,Dry
2026,MOTOGP,7,Italy,2026-05-31,Jorge Martin,9,20,29,156,-4,0,Dry
2026,MOTOGP,7,Italy,2026-05-31,Marco Bezzecchi,6,25,31,160,0,0,Dry
2026,MOTOGP,7,Italy,2026-05-31,Pedro Acosta,1,10,11,103,-57,0,Dry
2026,MOTOGP,7,Italy,2026-05-31,Ai Ogura,2,13,15,84,-76,0,Dry
2026,MOTOGP,7,Italy,2026-05-31,Fabio Di Giannantonio,7,11,18,109,-51,0,Dry
2026,MOTOGP,7,Italy,2026-05-31,Raul Fernandez,12,7,19,87,-73,0,Dry
2026,MOTOGP,7,Italy,2026-05-31,Francesco Bagnaia,3,16,19,66,-94,0,Dry
2026,MOTOGP,7,Italy,2026-05-31,Alex Marquez,0,0,0,67,-93,1,Dry
2026,MOTOGP,7,Italy,2026-05-31,Fermin Aldeguer,4,8,12,39,-121,0,Dry
2026,MOTOGP,7,Italy,2026-05-31,Enea Bastianini,0,0,0,39,-121,1,Dry
2026,MOTOGP,7,Italy,2026-05-31,Luca Marini,0,3,3,36,-124,0,Dry
2026,MOTOGP,7,Italy,2026-05-31,Brad Binder,0,5,5,33,-127,0,Dry
2026,MOTOGP,7,Italy,2026-05-31,Diogo Moreira,0,6,6,16,-144,0,Dry
2026,MOTOGP,7,Italy,2026-05-31,Fabio Quartararo,0,0,0,26,-134,1,Dry
2026,MOTOGP,7,Italy,2026-05-31,Franco Morbidelli,0,2,2,32,-128,0,Dry
2026,MOTOGP,7,Italy,2026-05-31,Johann Zarco,0,0,0,34,-126,1,Dry
2026,MOTOGP,7,Italy,2026-05-31,Joan Mir,0,4,4,12,-148,0,Dry
2026,MOTOGP,7,Italy,2026-05-31,Jack Miller,0,1,1,2,-158,0,Dry
2026,MOTOGP,7,Italy,2026-05-31,Alex Rins,0,0,0,7,-153,1,Dry
2026,MOTOGP,7,Italy,2026-05-31,Toprak Razgatlioglu,0,0,0,4,-156,1,Dry
2026,MOTOGP,7,Italy,2026-05-31,Maverick Viñales,0,0,0,0,-160,1,Dry
2026,MOTOGP,7,Italy,2026-05-31,Iker Lecuona,0,0,0,0,-160,1,Dry
2026,MOTOGP,7,Italy,2026-05-31,Augusto Fernandez,0,0,0,0,-160,1,Dry
2026,MOTOGP,7,Italy,2026-05-31,Pol Espargaro,0,0,0,0,-160,1,Dry
2026,MOTOGP,7,Italy,2026-05-31,Somkiat Chantra,0,0,0,0,-160,1,Dry
2026,MOTOGP,7,Italy,2026-05-31,Takaaki Nakagami,0,0,0,0,-160,1,Dry
2026,MOTOGP,7,Italy,2026-05-31,Cal Crutchlow,0,0,0,0,-160,1,Dry
2026,MOTOGP,7,Italy,2026-05-31,Jonas Folger,0,0,0,0,-160,1,Dry
2026,MOTOGP,7,Italy,2026-05-31,Lorenzo Savadori,0,0,0,0,-160,1,Dry
2026,MOTOGP,7,Italy,2026-05-31,Michele Pirro,0,0,0,0,-160,1,Dry
2026,MOTOGP,7,Italy,2026-05-31,Aleix Espargaro,0,0,0,0,-160,1,Dry
2026,MOTOGP,8,Hungary,2026-06-07,Marc Marquez,12,25,37,108,-59,0,Dry
2026,MOTOGP,8,Hungary,2026-06-07,Jorge Martin,4,0,4,160,-7,0,Dry
2026,MOTOGP,8,Hungary,2026-06-07,Marco Bezzecchi,7,0,7,167,0,0,Dry
2026,MOTOGP,8,Hungary,2026-06-07,Pedro Acosta,9,20,29,132,-35,0,Dry
2026,MOTOGP,8,Hungary,2026-06-07,Ai Ogura,0,13,13,97,-70,0,Dry
2026,MOTOGP,8,Hungary,2026-06-07,Fabio Di Giannantonio,0,4,4,113,-54,0,Dry
2026,MOTOGP,8,Hungary,2026-06-07,Raul Fernandez,6,0,6,93,-74,0,Dry
2026,MOTOGP,8,Hungary,2026-06-07,Francesco Bagnaia,1,16,17,83,-84,0,Dry
2026,MOTOGP,8,Hungary,2026-06-07,Alex Marquez,0,0,0,67,-100,1,Dry
2026,MOTOGP,8,Hungary,2026-06-07,Fermin Aldeguer,5,0,5,44,-123,0,Dry
2026,MOTOGP,8,Hungary,2026-06-07,Enea Bastianini,2,7,9,48,-119,0,Dry
2026,MOTOGP,8,Hungary,2026-06-07,Luca Marini,0,11,11,47,-120,0,Dry
2026,MOTOGP,8,Hungary,2026-06-07,Brad Binder,0,6,6,39,-128,0,Dry
2026,MOTOGP,8,Hungary,2026-06-07,Diogo Moreira,3,10,13,29,-138,0,Dry
2026,MOTOGP,8,Hungary,2026-06-07,Fabio Quartararo,0,0,0,26,-141,1,Dry
2026,MOTOGP,8,Hungary,2026-06-07,Franco Morbidelli,0,2,2,34,-133,0,Dry
2026,MOTOGP,8,Hungary,2026-06-07,Johann Zarco,0,0,0,34,-133,1,Dry
2026,MOTOGP,8,Hungary,2026-06-07,Joan Mir,0,0,0,12,-155,1,Dry
2026,MOTOGP,8,Hungary,2026-06-07,Jack Miller,0,8,8,10,-157,0,Dry
2026,MOTOGP,8,Hungary,2026-06-07,Alex Rins,0,3,3,10,-157,0,Dry
2026,MOTOGP,8,Hungary,2026-06-07,Toprak Razgatlioglu,0,5,5,9,-158,0,Dry
2026,MOTOGP,8,Hungary,2026-06-07,Maverick Viñales,0,1,1,1,-166,0,Dry
2026,MOTOGP,8,Hungary,2026-06-07,Iker Lecuona,0,9,9,9,-158,0,Dry
2026,MOTOGP,8,Hungary,2026-06-07,Augusto Fernandez,0,0,0,0,-167,1,Dry
2026,MOTOGP,8,Hungary,2026-06-07,Pol Espargaro,0,0,0,0,-167,1,Dry
2026,MOTOGP,8,Hungary,2026-06-07,Somkiat Chantra,0,0,0,0,-167,1,Dry
2026,MOTOGP,8,Hungary,2026-06-07,Takaaki Nakagami,0,0,0,0,-167,1,Dry
2026,MOTOGP,8,Hungary,2026-06-07,Cal Crutchlow,0,0,0,0,-167,1,Dry
2026,MOTOGP,8,Hungary,2026-06-07,Jonas Folger,0,0,0,0,-167,1,Dry
2026,MOTOGP,8,Hungary,2026-06-07,Lorenzo Savadori,0,0,0,0,-167,1,Dry
2026,MOTOGP,8,Hungary,2026-06-07,Michele Pirro,0,0,0,0,-167,1,Dry
2026,MOTOGP,8,Hungary,2026-06-07,Aleix Espargaro,0,0,0,0,-167,1,Dry
2026,MOTOGP,9,Czechia,2026-06-21,Marc Marquez,7,25,32,140,-32,0,Dry
2026,MOTOGP,9,Czechia,2026-06-21,Jorge Martin,5,7,12,172,0,0,Dry
2026,MOTOGP,9,Czechia,2026-06-21,Marco Bezzecchi,0,0,0,167,-5,1,Dry
2026,MOTOGP,9,Czechia,2026-06-21,Pedro Acosta,0,0,0,132,-40,1,Dry
2026,MOTOGP,9,Czechia,2026-06-21,Ai Ogura,9,20,29,126,-46,0,Dry
2026,MOTOGP,9,Czechia,2026-06-21,Fabio Di Giannantonio,6,13,19,132,-40,0,Dry
2026,MOTOGP,9,Czechia,2026-06-21,Raul Fernandez,4,9,13,106,-66,0,Dry
2026,MOTOGP,9,Czechia,2026-06-21,Francesco Bagnaia,12,16,28,111,-61,0,Dry
2026,MOTOGP,9,Czechia,2026-06-21,Alex Marquez,0,0,0,67,-105,1,Dry
2026,MOTOGP,9,Czechia,2026-06-21,Fermin Aldeguer,2,10,12,56,-116,0,Dry
2026,MOTOGP,9,Czechia,2026-06-21,Enea Bastianini,3,6,9,57,-115,0,Dry
2026,MOTOGP,9,Czechia,2026-06-21,Luca Marini,0,8,8,55,-117,0,Dry
2026,MOTOGP,9,Czechia,2026-06-21,Brad Binder,1,4,5,44,-128,0,Dry
2026,MOTOGP,9,Czechia,2026-06-21,Diogo Moreira,0,5,5,34,-138,0,Dry
2026,MOTOGP,9,Czechia,2026-06-21,Fabio Quartararo,0,0,0,26,-146,1,Dry
2026,MOTOGP,9,Czechia,2026-06-21,Franco Morbidelli,0,3,3,37,-135,0,Dry
2026,MOTOGP,9,Czechia,2026-06-21,Johann Zarco,0,0,0,34,-138,1,Dry
2026,MOTOGP,9,Czechia,2026-06-21,Joan Mir,0,11,11,23,-149,0,Dry
2026,MOTOGP,9,Czechia,2026-06-21,Jack Miller,0,0,0,10,-162,1,Dry
2026,MOTOGP,9,Czechia,2026-06-21,Alex Rins,0,0,0,10,-162,1,Dry
2026,MOTOGP,9,Czechia,2026-06-21,Toprak Razgatlioglu,0,2,2,11,-161,0,Dry
2026,MOTOGP,9,Czechia,2026-06-21,Maverick Viñales,0,1,1,2,-170,0,Dry
2026,MOTOGP,9,Czechia,2026-06-21,Iker Lecuona,0,0,0,9,-163,1,Dry
2026,MOTOGP,9,Czechia,2026-06-21,Augusto Fernandez,0,0,0,0,-172,1,Dry
2026,MOTOGP,9,Czechia,2026-06-21,Pol Espargaro,0,0,0,0,-172,1,Dry
2026,MOTOGP,9,Czechia,2026-06-21,Somkiat Chantra,0,0,0,0,-172,1,Dry
2026,MOTOGP,9,Czechia,2026-06-21,Takaaki Nakagami,0,0,0,0,-172,1,Dry
2026,MOTOGP,9,Czechia,2026-06-21,Cal Crutchlow,0,0,0,0,-172,1,Dry
2026,MOTOGP,9,Czechia,2026-06-21,Jonas Folger,0,0,0,0,-172,1,Dry
2026,MOTOGP,9,Czechia,2026-06-21,Lorenzo Savadori,0,0,0,0,-172,1,Dry
2026,MOTOGP,9,Czechia,2026-06-21,Michele Pirro,0,0,0,0,-172,1,Dry
2026,MOTOGP,9,Czechia,2026-06-21,Aleix Espargaro,0,0,0,0,-172,1,Dry
2026,MOTOGP,10,Netherlands,2026-06-28,Marc Marquez,4,9,13,153,-40,0,Dry
2026,MOTOGP,10,Netherlands,2026-06-28,Jorge Martin,5,16,21,193,0,0,Dry
2026,MOTOGP,10,Netherlands,2026-06-28,Marco Bezzecchi,6,0,6,173,-20,0,Dry
2026,MOTOGP,10,Netherlands,2026-06-28,Pedro Acosta,1,0,1,133,-60,0,Dry
2026,MOTOGP,10,Netherlands,2026-06-28,Ai Ogura,9,25,34,160,-33,0,Dry
2026,MOTOGP,10,Netherlands,2026-06-28,Fabio Di Giannantonio,7,13,20,152,-41,0,Dry
2026,MOTOGP,10,Netherlands,2026-06-28,Raul Fernandez,12,20,32,138,-55,0,Dry
2026,MOTOGP,10,Netherlands,2026-06-28,Francesco Bagnaia,3,0,3,114,-79,0,Dry
2026,MOTOGP,10,Netherlands,2026-06-28,Alex Marquez,0,11,11,78,-115,0,Dry
2026,MOTOGP,10,Netherlands,2026-06-28,Fermin Aldeguer,0,0,0,56,-137,1,Dry
2026,MOTOGP,10,Netherlands,2026-06-28,Enea Bastianini,2,10,12,69,-124,0,Dry
2026,MOTOGP,10,Netherlands,2026-06-28,Luca Marini,0,6,6,61,-132,0,Dry
2026,MOTOGP,10,Netherlands,2026-06-28,Brad Binder,0,5,5,49,-144,0,Dry
2026,MOTOGP,10,Netherlands,2026-06-28,Diogo Moreira,0,2,2,36,-157,0,Dry
2026,MOTOGP,10,Netherlands,2026-06-28,Fabio Quartararo,0,8,8,34,-159,0,Dry
2026,MOTOGP,10,Netherlands,2026-06-28,Franco Morbidelli,0,0,0,37,-156,1,Dry
2026,MOTOGP,10,Netherlands,2026-06-28,Johann Zarco,0,0,0,34,-159,1,Dry
2026,MOTOGP,10,Netherlands,2026-06-28,Joan Mir,0,0,0,23,-170,1,Dry
2026,MOTOGP,10,Netherlands,2026-06-28,Jack Miller,0,4,4,14,-179,0,Dry
2026,MOTOGP,10,Netherlands,2026-06-28,Alex Rins,0,7,7,17,-176,0,Dry
2026,MOTOGP,10,Netherlands,2026-06-28,Toprak Razgatlioglu,0,0,0,11,-182,1,Dry
2026,MOTOGP,10,Netherlands,2026-06-28,Maverick Viñales,0,3,3,5,-188,0,Dry
2026,MOTOGP,10,Netherlands,2026-06-28,Iker Lecuona,0,0,0,9,-184,1,Dry
2026,MOTOGP,10,Netherlands,2026-06-28,Augusto Fernandez,0,1,1,1,-192,0,Dry
2026,MOTOGP,10,Netherlands,2026-06-28,Pol Espargaro,0,0,0,0,-193,1,Dry
2026,MOTOGP,10,Netherlands,2026-06-28,Somkiat Chantra,0,0,0,0,-193,1,Dry
2026,MOTOGP,10,Netherlands,2026-06-28,Takaaki Nakagami,0,0,0,0,-193,1,Dry
2026,MOTOGP,10,Netherlands,2026-06-28,Cal Crutchlow,0,0,0,0,-193,1,Dry
2026,MOTOGP,10,Netherlands,2026-06-28,Jonas Folger,0,0,0,0,-193,1,Dry
2026,MOTOGP,10,Netherlands,2026-06-28,Lorenzo Savadori,0,0,0,0,-193,1,Dry
2026,MOTOGP,10,Netherlands,2026-06-28,Michele Pirro,0,0,0,0,-193,1,Dry
2026,MOTOGP,10,Netherlands,2026-06-28,Aleix Espargaro,0,0,0,0,-193,1,Dry
2026,MOTOGP,11,Germany,2026-07-12,Marc Marquez,12,25,37,190,-18,0,Dry
2026,MOTOGP,11,Germany,2026-07-12,Jorge Martin,4,11,15,208,0,0,Dry
2026,MOTOGP,11,Germany,2026-07-12,Marco Bezzecchi,0,0,0,173,-35,1,Dry
2026,MOTOGP,11,Germany,2026-07-12,Pedro Acosta,2,13,15,148,-60,0,Dry
2026,MOTOGP,11,Germany,2026-07-12,Ai Ogura,6,20,26,186,-22,0,Dry
2026,MOTOGP,11,Germany,2026-07-12,Fabio Di Giannantonio,7,0,7,159,-49,0,Dry
2026,MOTOGP,11,Germany,2026-07-12,Raul Fernandez,5,16,21,159,-49,0,Dry
2026,MOTOGP,11,Germany,2026-07-12,Francesco Bagnaia,3,10,13,127,-81,0,Dry
2026,MOTOGP,11,Germany,2026-07-12,Alex Marquez,9,0,9,87,-121,0,Dry
2026,MOTOGP,11,Germany,2026-07-12,Fermin Aldeguer,0,0,0,56,-152,1,Dry
2026,MOTOGP,11,Germany,2026-07-12,Enea Bastianini,0,7,7,76,-132,0,Dry
2026,MOTOGP,11,Germany,2026-07-12,Luca Marini,0,8,8,69,-139,0,Dry
2026,MOTOGP,11,Germany,2026-07-12,Brad Binder,0,6,6,55,-153,0,Dry
2026,MOTOGP,11,Germany,2026-07-12,Diogo Moreira,0,5,5,41,-167,0,Dry
2026,MOTOGP,11,Germany,2026-07-12,Fabio Quartararo,1,9,10,44,-164,0,Dry
2026,MOTOGP,11,Germany,2026-07-12,Franco Morbidelli,0,3,3,40,-168,0,Dry
2026,MOTOGP,11,Germany,2026-07-12,Johann Zarco,0,0,0,34,-174,1,Dry
2026,MOTOGP,11,Germany,2026-07-12,Joan Mir,0,0,0,23,-185,1,Dry
2026,MOTOGP,11,Germany,2026-07-12,Jack Miller,0,4,4,18,-190,0,Dry
2026,MOTOGP,11,Germany,2026-07-12,Alex Rins,0,2,2,19,-189,0,Dry
2026,MOTOGP,11,Germany,2026-07-12,Toprak Razgatlioglu,0,1,1,12,-196,0,Dry
2026,MOTOGP,11,Germany,2026-07-12,Maverick Viñales,0,0,0,5,-203,1,Dry
2026,MOTOGP,11,Germany,2026-07-12,Iker Lecuona,0,0,0,9,-199,1,Dry
2026,MOTOGP,11,Germany,2026-07-12,Augusto Fernandez,0,0,0,1,-207,1,Dry
2026,MOTOGP,11,Germany,2026-07-12,Pol Espargaro,0,0,0,0,-208,1,Dry
2026,MOTOGP,11,Germany,2026-07-12,Somkiat Chantra,0,0,0,0,-208,1,Dry
2026,MOTOGP,11,Germany,2026-07-12,Takaaki Nakagami,0,0,0,0,-208,1,Dry
2026,MOTOGP,11,Germany,2026-07-12,Cal Crutchlow,0,0,0,0,-208,1,Dry
2026,MOTOGP,11,Germany,2026-07-12,Jonas Folger,0,0,0,0,-208,1,Dry
2026,MOTOGP,11,Germany,2026-07-12,Lorenzo Savadori,0,0,0,0,-208,1,Dry
2026,MOTOGP,11,Germany,2026-07-12,Michele Pirro,0,0,0,0,-208,1,Dry
2026,MOTOGP,11,Germany,2026-07-12,Aleix Espargaro,0,0,0,0,-208,1,Dry
2026,MOTOGP,12,Great Britain,2026-08-09,Marc Marquez,1,9,10,200,-40,0,Dry
2026,MOTOGP,12,Great Britain,2026-08-09,Jorge Martin,12,20,32,240,0,0,Dry
2026,MOTOGP,12,Great Britain,2026-08-09,Marco Bezzecchi,7,16,23,196,-44,0,Dry
2026,MOTOGP,12,Great Britain,2026-08-09,Pedro Acosta,4,11,15,163,-77,0,Dry
2026,MOTOGP,12,Great Britain,2026-08-09,Ai Ogura,9,0,9,195,-45,0,Dry
2026,MOTOGP,12,Great Britain,2026-08-09,Fabio Di Giannantonio,5,10,15,174,-66,0,Dry
2026,MOTOGP,12,Great Britain,2026-08-09,Raul Fernandez,0,25,25,184,-56,0,Dry
2026,MOTOGP,12,Great Britain,2026-08-09,Francesco Bagnaia,0,0,0,127,-113,1,Dry
2026,MOTOGP,12,Great Britain,2026-08-09,Alex Marquez,6,13,19,106,-134,0,Dry
2026,MOTOGP,12,Great Britain,2026-08-09,Fermin Aldeguer,0,0,0,56,-184,1,Dry
2026,MOTOGP,12,Great Britain,2026-08-09,Enea Bastianini,0,0,0,76,-164,1,Dry
2026,MOTOGP,12,Great Britain,2026-08-09,Luca Marini,0,7,7,76,-164,0,Dry
2026,MOTOGP,12,Great Britain,2026-08-09,Brad Binder,0,8,8,63,-177,0,Dry
2026,MOTOGP,12,Great Britain,2026-08-09,Diogo Moreira,0,6,6,47,-193,0,Dry
2026,MOTOGP,12,Great Britain,2026-08-09,Fabio Quartararo,0,0,0,44,-196,1,Dry
2026,MOTOGP,12,Great Britain,2026-08-09,Franco Morbidelli,2,5,7,47,-193,0,Dry
2026,MOTOGP,12,Great Britain,2026-08-09,Johann Zarco,0,0,0,34,-206,1,Dry
2026,MOTOGP,12,Great Britain,2026-08-09,Joan Mir,3,0,3,26,-214,0,Dry
2026,MOTOGP,12,Great Britain,2026-08-09,Jack Miller,0,4,4,22,-218,0,Dry
2026,MOTOGP,12,Great Britain,2026-08-09,Alex Rins,0,0,0,19,-221,1,Dry
2026,MOTOGP,12,Great Britain,2026-08-09,Toprak Razgatlioglu,0,2,2,14,-226,0,Dry
2026,MOTOGP,12,Great Britain,2026-08-09,Maverick Viñales,0,0,0,5,-235,1,Dry
2026,MOTOGP,12,Great Britain,2026-08-09,Iker Lecuona,0,0,0,9,-231,1,Dry
2026,MOTOGP,12,Great Britain,2026-08-09,Augusto Fernandez,0,1,1,2,-238,0,Dry
2026,MOTOGP,12,Great Britain,2026-08-09,Pol Espargaro,0,3,3,3,-237,0,Dry
2026,MOTOGP,12,Great Britain,2026-08-09,Somkiat Chantra,0,0,0,0,-240,1,Dry
2026,MOTOGP,12,Great Britain,2026-08-09,Takaaki Nakagami,0,0,0,0,-240,1,Dry
2026,MOTOGP,12,Great Britain,2026-08-09,Cal Crutchlow,0,0,0,0,-240,1,Dry
2026,MOTOGP,12,Great Britain,2026-08-09,Jonas Folger,0,0,0,0,-240,1,Dry
2026,MOTOGP,12,Great Britain,2026-08-09,Lorenzo Savadori,0,0,0,0,-240,1,Dry
2026,MOTOGP,12,Great Britain,2026-08-09,Michele Pirro,0,0,0,0,-240,1,Dry
2026,MOTOGP,12,Great Britain,2026-08-09,Aleix Espargaro,0,0,0,0,-240,1,Dry
2026,MOTOGP,13,Aragon,2026-08-30,Marc Marquez,12,25,37,237,-19,0,Dry
2026,MOTOGP,13,Aragon,2026-08-30,Jorge Martin,5,11,16,256,0,0,Dry
2026,MOTOGP,13,Aragon,2026-08-30,Marco Bezzecchi,7,16,23,219,-37,0,Dry
2026,MOTOGP,13,Aragon,2026-08-30,Pedro Acosta,6,20,26,189,-67,0,Dry
2026,MOTOGP,13,Aragon,2026-08-30,Ai Ogura,0,0,0,195,-61,1,Dry
2026,MOTOGP,13,Aragon,2026-08-30,Fabio Di Giannantonio,0,9,9,183,-73,0,Dry
2026,MOTOGP,13,Aragon,2026-08-30,Raul Fernandez,2,0,2,186,-70,0,Dry
2026,MOTOGP,13,Aragon,2026-08-30,Francesco Bagnaia,0,0,0,127,-129,1,Dry
2026,MOTOGP,13,Aragon,2026-08-30,Alex Marquez,9,13,22,128,-128,0,Dry
2026,MOTOGP,13,Aragon,2026-08-30,Fermin Aldeguer,4,10,14,70,-186,0,Dry
2026,MOTOGP,13,Aragon,2026-08-30,Enea Bastianini,0,8,8,84,-172,0,Dry
2026,MOTOGP,13,Aragon,2026-08-30,Luca Marini,0,2,2,78,-178,0,Dry
2026,MOTOGP,13,Aragon,2026-08-30,Brad Binder,0,6,6,69,-187,0,Dry
2026,MOTOGP,13,Aragon,2026-08-30,Diogo Moreira,3,7,10,57,-199,0,Dry
2026,MOTOGP,13,Aragon,2026-08-30,Fabio Quartararo,0,0,0,44,-212,1,Dry
2026,MOTOGP,13,Aragon,2026-08-30,Franco Morbidelli,0,0,0,47,-209,1,Dry
2026,MOTOGP,13,Aragon,2026-08-30,Johann Zarco,1,1,2,36,-220,0,Dry
2026,MOTOGP,13,Aragon,2026-08-30,Joan Mir,0,4,4,30,-226,0,Dry
2026,MOTOGP,13,Aragon,2026-08-30,Jack Miller,0,5,5,27,-229,0,Dry
2026,MOTOGP,13,Aragon,2026-08-30,Alex Rins,0,3,3,22,-234,0,Dry
2026,MOTOGP,13,Aragon,2026-08-30,Toprak Razgatlioglu,0,0,0,14,-242,1,Dry
2026,MOTOGP,13,Aragon,2026-08-30,Maverick Viñales,0,0,0,5,-251,1,Dry
2026,MOTOGP,13,Aragon,2026-08-30,Iker Lecuona,0,0,0,9,-247,1,Dry
2026,MOTOGP,13,Aragon,2026-08-30,Augusto Fernandez,0,0,0,2,-254,1,Dry
2026,MOTOGP,13,Aragon,2026-08-30,Pol Espargaro,0,0,0,3,-253,1,Dry
2026,MOTOGP,13,Aragon,2026-08-30,Somkiat Chantra,0,0,0,0,-256,1,Dry
2026,MOTOGP,13,Aragon,2026-08-30,Takaaki Nakagami,0,0,0,0,-256,1,Dry
2026,MOTOGP,13,Aragon,2026-08-30,Cal Crutchlow,0,0,0,0,-256,1,Dry
2026,MOTOGP,13,Aragon,2026-08-30,Jonas Folger,0,0,0,0,-256,1,Dry
2026,MOTOGP,13,Aragon,2026-08-30,Lorenzo Savadori,0,0,0,0,-256,1,Dry
2026,MOTOGP,13,Aragon,2026-08-30,Michele Pirro,0,0,0,0,-256,1,Dry
2026,MOTOGP,13,Aragon,2026-08-30,Aleix Espargaro,0,0,0,0,-256,1,Dry
2026,MOTOGP,14,San Marino,2026-09-13,Marc Marquez,12,25,37,274,0,0,Dry
2026,MOTOGP,14,San Marino,2026-09-13,Jorge Martin,7,11,18,274,0,0,Dry
2026,MOTOGP,14,San Marino,2026-09-13,Marco Bezzecchi,9,0,9,228,-46,0,Dry
2026,MOTOGP,14,San Marino,2026-09-13,Pedro Acosta,4,16,20,209,-65,0,Dry
2026,MOTOGP,14,San Marino,2026-09-13,Ai Ogura,0,0,0,195,-79,1,Dry
2026,MOTOGP,14,San Marino,2026-09-13,Fabio Di Giannantonio,6,9,15,198,-76,0,Dry
2026,MOTOGP,14,San Marino,2026-09-13,Raul Fernandez,3,10,13,199,-75,0,Dry
2026,MOTOGP,14,San Marino,2026-09-13,Francesco Bagnaia,0,0,0,127,-147,1,Dry
2026,MOTOGP,14,San Marino,2026-09-13,Alex Marquez,5,20,25,153,-121,0,Dry
2026,MOTOGP,14,San Marino,2026-09-13,Fermin Aldeguer,2,13,15,85,-189,0,Dry
2026,MOTOGP,14,San Marino,2026-09-13,Enea Bastianini,0,8,8,92,-182,0,Dry
2026,MOTOGP,14,San Marino,2026-09-13,Luca Marini,1,7,8,86,-188,0,Dry
2026,MOTOGP,14,San Marino,2026-09-13,Brad Binder,0,5,5,74,-200,0,Dry
2026,MOTOGP,14,San Marino,2026-09-13,Diogo Moreira,0,0,0,57,-217,1,Dry
2026,MOTOGP,14,San Marino,2026-09-13,Fabio Quartararo,0,6,6,50,-224,0,Dry
2026,MOTOGP,14,San Marino,2026-09-13,Franco Morbidelli,0,3,3,50,-224,0,Dry
2026,MOTOGP,14,San Marino,2026-09-13,Johann Zarco,0,0,0,36,-238,1,Dry
2026,MOTOGP,14,San Marino,2026-09-13,Joan Mir,0,0,0,30,-244,1,Dry
2026,MOTOGP,14,San Marino,2026-09-13,Jack Miller,0,0,0,27,-247,1,Dry
2026,MOTOGP,14,San Marino,2026-09-13,Alex Rins,0,0,0,22,-252,1,Dry
2026,MOTOGP,14,San Marino,2026-09-13,Toprak Razgatlioglu,0,4,4,18,-256,0,Dry
2026,MOTOGP,14,San Marino,2026-09-13,Maverick Viñales,0,0,0,5,-269,1,Dry
2026,MOTOGP,14,San Marino,2026-09-13,Iker Lecuona,0,0,0,9,-265,1,Dry
2026,MOTOGP,14,San Marino,2026-09-13,Augusto Fernandez,0,0,0,2,-272,1,Dry
2026,MOTOGP,14,San Marino,2026-09-13,Pol Espargaro,0,2,2,5,-269,0,Dry
2026,MOTOGP,14,San Marino,2026-09-13,Somkiat Chantra,0,0,0,0,-274,1,Dry
2026,MOTOGP,14,San Marino,2026-09-13,Takaaki Nakagami,0,0,0,0,-274,1,Dry
2026,MOTOGP,14,San Marino,2026-09-13,Cal Crutchlow,0,0,0,0,-274,1,Dry
2026,MOTOGP,14,San Marino,2026-09-13,Jonas Folger,0,0,0,0,-274,1,Dry
2026,MOTOGP,14,San Marino,2026-09-13,Lorenzo Savadori,0,0,0,0,-274,1,Dry
2026,MOTOGP,14,San Marino,2026-09-13,Michele Pirro,0,0,0,0,-274,1,Dry
2026,MOTOGP,14,San Marino,2026-09-13,Aleix Espargaro,0,0,0,0,-274,1,Dry
2026,MOTOGP,15,Austria,2026-09-20,Marc Marquez,9,11,20,294,-12,0,Dry
2026,MOTOGP,15,Austria,2026-09-20,Jorge Martin,12,20,32,306,0,0,Dry
2026,MOTOGP,15,Austria,2026-09-20,Marco Bezzecchi,7,16,23,251,-55,0,Dry
2026,MOTOGP,15,Austria,2026-09-20,Pedro Acosta,0,25,25,234,-72,0,Dry
2026,MOTOGP,15,Austria,2026-09-20,Ai Ogura,6,13,19,214,-92,0,Dry
2026,MOTOGP,15,Austria,2026-09-20,Fabio Di Giannantonio,0,7,7,205,-101,0,Dry
2026,MOTOGP,15,Austria,2026-09-20,Raul Fernandez,0,4,4,203,-103,0,Dry
2026,MOTOGP,15,Austria,2026-09-20,Francesco Bagnaia,4,9,13,140,-166,0,Dry
2026,MOTOGP,15,Austria,2026-09-20,Alex Marquez,5,0,5,158,-148,0,Dry
2026,MOTOGP,15,Austria,2026-09-20,Fermin Aldeguer,2,8,10,95,-211,0,Dry
2026,MOTOGP,15,Austria,2026-09-20,Enea Bastianini,0,5,5,97,-209,0,Dry
2026,MOTOGP,15,Austria,2026-09-20,Luca Marini,0,2,2,88,-218,0,Dry
2026,MOTOGP,15,Austria,2026-09-20,Brad Binder,1,10,11,85,-221,0,Dry
2026,MOTOGP,15,Austria,2026-09-20,Diogo Moreira,0,1,1,58,-248,0,Dry
2026,MOTOGP,15,Austria,2026-09-20,Fabio Quartararo,0,0,0,50,-256,1,Dry
2026,MOTOGP,15,Austria,2026-09-20,Franco Morbidelli,0,0,0,50,-256,1,Dry
2026,MOTOGP,15,Austria,2026-09-20,Johann Zarco,3,6,9,45,-261,0,Dry
2026,MOTOGP,15,Austria,2026-09-20,Joan Mir,0,0,0,30,-276,1,Dry
2026,MOTOGP,15,Austria,2026-09-20,Jack Miller,0,0,0,27,-279,1,Dry
2026,MOTOGP,15,Austria,2026-09-20,Alex Rins,0,0,0,22,-284,1,Dry
2026,MOTOGP,15,Austria,2026-09-20,Toprak Razgatlioglu,0,0,0,18,-288,1,Dry
2026,MOTOGP,15,Austria,2026-09-20,Maverick Viñales,0,0,0,5,-301,1,Dry
2026,MOTOGP,15,Austria,2026-09-20,Iker Lecuona,0,0,0,9,-297,1,Dry
2026,MOTOGP,15,Austria,2026-09-20,Augusto Fernandez,0,0,0,2,-304,1,Dry
2026,MOTOGP,15,Austria,2026-09-20,Pol Espargaro,0,0,0,5,-301,1,Dry
2026,MOTOGP,15,Austria,2026-09-20,Somkiat Chantra,0,0,0,0,-306,1,Dry
2026,MOTOGP,15,Austria,2026-09-20,Takaaki Nakagami,0,3,3,3,-303,0,Dry
2026,MOTOGP,15,Austria,2026-09-20,Cal Crutchlow,0,0,0,0,-306,1,Dry
2026,MOTOGP,15,Austria,2026-09-20,Jonas Folger,0,0,0,0,-306,1,Dry
2026,MOTOGP,15,Austria,2026-09-20,Lorenzo Savadori,0,0,0,0,-306,1,Dry
2026,MOTOGP,15,Austria,2026-09-20,Michele Pirro,0,0,0,0,-306,1,Dry
2026,MOTOGP,15,Austria,2026-09-20,Aleix Espargaro,0,0,0,0,-306,1,Dry
2026,MOTOGP,16,Japan,2026-10-04,Marc Marquez,12,25,49,343,0,0,Dry
2026,MOTOGP,16,Japan,2026-10-04,Jorge Martin,7,20,33,339,-4,0,Dry
2026,MOTOGP,16,Japan,2026-10-04,Marco Bezzecchi,4,16,33,284,-59,0,Dry
2026,MOTOGP,16,Japan,2026-10-04,Pedro Acosta,0,9,13,247,-96,0,Dry
2026,MOTOGP,16,Japan,2026-10-04,Ai Ogura,5,10,32,246,-97,0,Dry
2026,MOTOGP,16,Japan,2026-10-04,Fabio Di Giannantonio,0,0,32,237,-106,0,Dry
2026,MOTOGP,16,Japan,2026-10-04,Raul Fernandez,2,11,13,216,-127,0,Dry
2026,MOTOGP,16,Japan,2026-10-04,Francesco Bagnaia,0,8,26,166,-177,0,Dry
2026,MOTOGP,16,Japan,2026-10-04,Alex Marquez,0,0,5,163,-180,0,Dry
2026,MOTOGP,16,Japan,2026-10-04,Fermin Aldeguer,0,7,30,125,-218,0,Dry
2026,MOTOGP,16,Japan,2026-10-04,Enea Bastianini,6,13,19,116,-227,0,Dry
2026,MOTOGP,16,Japan,2026-10-04,Luca Marini,0,6,16,104,-239,0,Dry
2026,MOTOGP,16,Japan,2026-10-04,Brad Binder,0,5,14,99,-244,0,Dry
2026,MOTOGP,16,Japan,2026-10-04,Diogo Moreira,9,0,16,74,-269,0,Dry
2026,MOTOGP,16,Japan,2026-10-04,Fabio Quartararo,1,4,17,67,-276,0,Dry
2026,MOTOGP,16,Japan,2026-10-04,Franco Morbidelli,0,1,7,57,-286,0,Dry
2026,MOTOGP,16,Japan,2026-10-04,Johann Zarco,3,0,3,48,-295,0,Dry
2026,MOTOGP,16,Japan,2026-10-04,Joan Mir,0,0,3,33,-310,0,Dry
2026,MOTOGP,16,Japan,2026-10-04,Jack Miller,0,0,1,28,-315,0,Dry
2026,MOTOGP,16,Japan,2026-10-04,Alex Rins,0,0,2,24,-319,0,Dry
2026,MOTOGP,16,Japan,2026-10-04,Toprak Razgatlioglu,0,0,0,18,-325,1,Dry
2026,MOTOGP,16,Japan,2026-10-04,Maverick Viñales,0,2,7,12,-331,0,Dry
2026,MOTOGP,16,Japan,2026-10-04,Iker Lecuona,0,0,0,9,-334,1,Dry
2026,MOTOGP,16,Japan,2026-10-04,Augusto Fernandez,0,0,4,6,-337,0,Dry
2026,MOTOGP,16,Japan,2026-10-04,Pol Espargaro,0,0,0,5,-338,1,Dry
2026,MOTOGP,16,Japan,2026-10-04,Somkiat Chantra,0,3,3,3,-340,0,Dry
2026,MOTOGP,16,Japan,2026-10-04,Takaaki Nakagami,0,0,0,3,-340,1,Dry
2026,MOTOGP,16,Japan,2026-10-04,Cal Crutchlow,0,0,0,0,-343,1,Dry
2026,MOTOGP,16,Japan,2026-10-04,Jonas Folger,0,0,0,0,-343,1,Dry
2026,MOTOGP,16,Japan,2026-10-04,Lorenzo Savadori,0,0,0,0,-343,1,Dry
2026,MOTOGP,16,Japan,2026-10-04,Michele Pirro,0,0,0,0,-343,1,Dry
2026,MOTOGP,16,Japan,2026-10-04,Aleix Espargaro,0,0,0,0,-343,1,Dry
2026,MOTO2,1,Thailand,2026-03-01,Manuel Gonzalez,0,0,0,0,0,1,Dry
2026,MOTO2,1,Thailand,2026-03-01,Izan Guevara,0,0,0,0,0,1,Dry
2026,MOTO2,1,Thailand,2026-03-01,Ivan Ortola,0,0,0,0,0,1,Dry
2026,MOTO2,1,Thailand,2026-03-01,David Alonso,0,0,0,0,0,1,Dry
2026,MOTO2,1,Thailand,2026-03-01,Daniel Holgado,0,0,0,0,0,1,Dry
2026,MOTO2,1,Thailand,2026-03-01,Senna Agius,0,0,0,0,0,1,Dry
2026,MOTO2,1,Thailand,2026-03-01,Filip Salac,0,0,0,0,0,1,Dry
2026,MOTO2,1,Thailand,2026-03-01,Celestino Vietti,0,0,0,0,0,1,Dry
2026,MOTO2,1,Thailand,2026-03-01,Alonso Lopez,0,0,0,0,0,1,Dry
2026,MOTO2,1,Thailand,2026-03-01,Collin Veijer,0,0,0,0,0,1,Dry
2026,MOTO2,1,Thailand,2026-03-01,Tony Arbolino,0,0,0,0,0,1,Dry
2026,MOTO2,1,Thailand,2026-03-01,Daniel Muñoz,0,0,0,0,0,1,Dry
2026,MOTO2,1,Thailand,2026-03-01,Alex Escrig,0,0,0,0,0,1,Dry
2026,MOTO2,1,Thailand,2026-03-01,Barry Baltus,0,0,0,0,0,1,Dry
2026,MOTO2,1,Thailand,2026-03-01,Deniz öncü,0,0,0,0,0,1,Dry
2026,MOTO2,1,Thailand,2026-03-01,Joe Roberts,0,0,0,0,0,1,Dry
2026,MOTO2,1,Thailand,2026-03-01,Adrian Huertas,0,0,0,0,0,1,Dry
2026,MOTO2,1,Thailand,2026-03-01,Jose Antonio Rueda,0,0,0,0,0,1,Dry
2026,MOTO2,1,Thailand,2026-03-01,Luca Lunetta,0,0,0,0,0,1,Dry
2026,MOTO2,1,Thailand,2026-03-01,Ayumu Sasaki,0,0,0,0,0,1,Dry
2026,MOTO2,1,Thailand,2026-03-01,Alberto Ferrandez,0,0,0,0,0,1,Dry
2026,MOTO2,1,Thailand,2026-03-01,Aron Canet,0,0,0,0,0,1,Dry
2026,MOTO2,1,Thailand,2026-03-01,Taiyo Furusato,0,0,0,0,0,1,Dry
2026,MOTO2,1,Thailand,2026-03-01,Zonta Vd Goorbergh,0,0,0,0,0,1,Dry
2026,MOTO2,1,Thailand,2026-03-01,Sergio Garcia,0,0,0,0,0,1,Dry
2026,MOTO2,1,Thailand,2026-03-01,Angel Piqueras,0,0,0,0,0,1,Dry
2026,MOTO2,1,Thailand,2026-03-01,Mario Aji,0,0,0,0,0,1,Dry
2026,MOTO2,1,Thailand,2026-03-01,Marcos Ramirez,0,0,0,0,0,1,Dry
2026,MOTO2,1,Thailand,2026-03-01,Xabi Zurutuza,0,0,0,0,0,1,Dry
2026,MOTO2,1,Thailand,2026-03-01,Unai Orradre,0,0,0,0,0,1,Dry
2026,MOTO2,1,Thailand,2026-03-01,Jorge Navarro,0,0,0,0,0,1,Dry
2026,MOTO2,1,Thailand,2026-03-01,Dennis Foggia,0,0,0,0,0,1,Dry
2026,MOTO2,1,Thailand,2026-03-01,Jacob Roulstone,0,0,0,0,0,1,Dry
2026,MOTO2,1,Thailand,2026-03-01,Milan Pawelec,0,0,0,0,0,1,Dry
2026,MOTO2,2,Brazil,2026-03-22,Manuel Gonzalez,0,16,16,16,-9,0,Dry
2026,MOTO2,2,Brazil,2026-03-22,Izan Guevara,0,10,10,10,-15,0,Dry
2026,MOTO2,2,Brazil,2026-03-22,Ivan Ortola,0,6,6,6,-19,0,Dry
2026,MOTO2,2,Brazil,2026-03-22,David Alonso,0,11,11,11,-14,0,Dry
2026,MOTO2,2,Brazil,2026-03-22,Daniel Holgado,0,25,25,25,0,0,Dry
2026,MOTO2,2,Brazil,2026-03-22,Senna Agius,0,0,0,0,-25,1,Dry
2026,MOTO2,2,Brazil,2026-03-22,Filip Salac,0,1,1,1,-24,0,Dry
2026,MOTO2,2,Brazil,2026-03-22,Celestino Vietti,0,7,7,7,-18,0,Dry
2026,MOTO2,2,Brazil,2026-03-22,Alonso Lopez,0,5,5,5,-20,0,Dry
2026,MOTO2,2,Brazil,2026-03-22,Collin Veijer,0,8,8,8,-17,0,Dry
2026,MOTO2,2,Brazil,2026-03-22,Tony Arbolino,0,9,9,9,-16,0,Dry
2026,MOTO2,2,Brazil,2026-03-22,Daniel Muñoz,0,20,20,20,-5,0,Dry
2026,MOTO2,2,Brazil,2026-03-22,Alex Escrig,0,13,13,13,-12,0,Dry
2026,MOTO2,2,Brazil,2026-03-22,Barry Baltus,0,2,2,2,-23,0,Dry
2026,MOTO2,2,Brazil,2026-03-22,Deniz öncü,0,0,0,0,-25,1,Dry
2026,MOTO2,2,Brazil,2026-03-22,Joe Roberts,0,0,0,0,-25,1,Dry
2026,MOTO2,2,Brazil,2026-03-22,Adrian Huertas,0,4,4,4,-21,0,Dry
2026,MOTO2,2,Brazil,2026-03-22,Jose Antonio Rueda,0,0,0,0,-25,1,Dry
2026,MOTO2,2,Brazil,2026-03-22,Luca Lunetta,0,0,0,0,-25,1,Dry
2026,MOTO2,2,Brazil,2026-03-22,Ayumu Sasaki,0,0,0,0,-25,1,Dry
2026,MOTO2,2,Brazil,2026-03-22,Alberto Ferrandez,0,0,0,0,-25,1,Dry
2026,MOTO2,2,Brazil,2026-03-22,Aron Canet,0,0,0,0,-25,1,Dry
2026,MOTO2,2,Brazil,2026-03-22,Taiyo Furusato,0,0,0,0,-25,1,Dry
2026,MOTO2,2,Brazil,2026-03-22,Zonta Vd Goorbergh,0,0,0,0,-25,1,Dry
2026,MOTO2,2,Brazil,2026-03-22,Sergio Garcia,0,0,0,0,-25,1,Dry
2026,MOTO2,2,Brazil,2026-03-22,Angel Piqueras,0,0,0,0,-25,1,Dry
2026,MOTO2,2,Brazil,2026-03-22,Mario Aji,0,3,3,3,-22,0,Dry
2026,MOTO2,2,Brazil,2026-03-22,Marcos Ramirez,0,0,0,0,-25,1,Dry
2026,MOTO2,2,Brazil,2026-03-22,Xabi Zurutuza,0,0,0,0,-25,1,Dry
2026,MOTO2,2,Brazil,2026-03-22,Unai Orradre,0,0,0,0,-25,1,Dry
2026,MOTO2,2,Brazil,2026-03-22,Jorge Navarro,0,0,0,0,-25,1,Dry
2026,MOTO2,2,Brazil,2026-03-22,Dennis Foggia,0,0,0,0,-25,1,Dry
2026,MOTO2,2,Brazil,2026-03-22,Jacob Roulstone,0,0,0,0,-25,1,Dry
2026,MOTO2,2,Brazil,2026-03-22,Milan Pawelec,0,0,0,0,-25,1,Dry
2026,MOTO2,3,USA,2026-03-29,Manuel Gonzalez,0,11,11,27,0,0,Dry
2026,MOTO2,3,USA,2026-03-29,Izan Guevara,0,16,16,26,-1,0,Dry
2026,MOTO2,3,USA,2026-03-29,Ivan Ortola,0,5,5,11,-16,0,Dry
2026,MOTO2,3,USA,2026-03-29,David Alonso,0,13,13,24,-3,0,Dry
2026,MOTO2,3,USA,2026-03-29,Daniel Holgado,0,0,0,25,-2,1,Dry
2026,MOTO2,3,USA,2026-03-29,Senna Agius,0,25,25,25,-2,0,Dry
2026,MOTO2,3,USA,2026-03-29,Filip Salac,0,0,0,1,-26,1,Dry
2026,MOTO2,3,USA,2026-03-29,Celestino Vietti,0,20,20,27,0,0,Dry
2026,MOTO2,3,USA,2026-03-29,Alonso Lopez,0,9,9,14,-13,0,Dry
2026,MOTO2,3,USA,2026-03-29,Collin Veijer,0,0,0,8,-19,1,Dry
2026,MOTO2,3,USA,2026-03-29,Tony Arbolino,0,6,6,15,-12,0,Dry
2026,MOTO2,3,USA,2026-03-29,Daniel Muñoz,0,2,2,22,-5,0,Dry
2026,MOTO2,3,USA,2026-03-29,Alex Escrig,0,8,8,21,-6,0,Dry
2026,MOTO2,3,USA,2026-03-29,Barry Baltus,0,10,10,12,-15,0,Dry
2026,MOTO2,3,USA,2026-03-29,Deniz öncü,0,0,0,0,-27,1,Dry
2026,MOTO2,3,USA,2026-03-29,Joe Roberts,0,7,7,7,-20,0,Dry
2026,MOTO2,3,USA,2026-03-29,Adrian Huertas,0,4,4,8,-19,0,Dry
2026,MOTO2,3,USA,2026-03-29,Jose Antonio Rueda,0,1,1,1,-26,0,Dry
2026,MOTO2,3,USA,2026-03-29,Luca Lunetta,0,0,0,0,-27,1,Dry
2026,MOTO2,3,USA,2026-03-29,Ayumu Sasaki,0,0,0,0,-27,1,Dry
2026,MOTO2,3,USA,2026-03-29,Alberto Ferrandez,0,0,0,0,-27,1,Dry
2026,MOTO2,3,USA,2026-03-29,Aron Canet,0,3,3,3,-24,0,Dry
2026,MOTO2,3,USA,2026-03-29,Taiyo Furusato,0,0,0,0,-27,1,Dry
2026,MOTO2,3,USA,2026-03-29,Zonta Vd Goorbergh,0,0,0,0,-27,1,Dry
2026,MOTO2,3,USA,2026-03-29,Sergio Garcia,0,0,0,0,-27,1,Dry
2026,MOTO2,3,USA,2026-03-29,Angel Piqueras,0,0,0,0,-27,1,Dry
2026,MOTO2,3,USA,2026-03-29,Mario Aji,0,0,0,3,-24,1,Dry
2026,MOTO2,3,USA,2026-03-29,Marcos Ramirez,0,0,0,0,-27,1,Dry
2026,MOTO2,3,USA,2026-03-29,Xabi Zurutuza,0,0,0,0,-27,1,Dry
2026,MOTO2,3,USA,2026-03-29,Unai Orradre,0,0,0,0,-27,1,Dry
2026,MOTO2,3,USA,2026-03-29,Jorge Navarro,0,0,0,0,-27,1,Dry
2026,MOTO2,3,USA,2026-03-29,Dennis Foggia,0,0,0,0,-27,1,Dry
2026,MOTO2,3,USA,2026-03-29,Jacob Roulstone,0,0,0,0,-27,1,Dry
2026,MOTO2,3,USA,2026-03-29,Milan Pawelec,0,0,0,0,-27,1,Dry
2026,MOTO2,4,Spain,2026-04-26,Manuel Gonzalez,0,20,20,47,-3,0,Dry
2026,MOTO2,4,Spain,2026-04-26,Izan Guevara,0,9,9,35,-15,0,Dry
2026,MOTO2,4,Spain,2026-04-26,Ivan Ortola,0,6,6,17,-33,0,Dry
2026,MOTO2,4,Spain,2026-04-26,David Alonso,0,13,13,37,-13,0,Dry
2026,MOTO2,4,Spain,2026-04-26,Daniel Holgado,0,5,5,30,-20,0,Dry
2026,MOTO2,4,Spain,2026-04-26,Senna Agius,0,25,25,50,0,0,Dry
2026,MOTO2,4,Spain,2026-04-26,Filip Salac,0,2,2,3,-47,0,Dry
2026,MOTO2,4,Spain,2026-04-26,Celestino Vietti,0,11,11,38,-12,0,Dry
2026,MOTO2,4,Spain,2026-04-26,Alonso Lopez,0,0,0,14,-36,1,Dry
2026,MOTO2,4,Spain,2026-04-26,Collin Veijer,0,16,16,24,-26,0,Dry
2026,MOTO2,4,Spain,2026-04-26,Tony Arbolino,0,8,8,23,-27,0,Dry
2026,MOTO2,4,Spain,2026-04-26,Daniel Muñoz,0,10,10,32,-18,0,Dry
2026,MOTO2,4,Spain,2026-04-26,Alex Escrig,0,7,7,28,-22,0,Dry
2026,MOTO2,4,Spain,2026-04-26,Barry Baltus,0,0,0,12,-38,1,Dry
2026,MOTO2,4,Spain,2026-04-26,Deniz öncü,0,3,3,3,-47,0,Dry
2026,MOTO2,4,Spain,2026-04-26,Joe Roberts,0,1,1,8,-42,0,Dry
2026,MOTO2,4,Spain,2026-04-26,Adrian Huertas,0,0,0,8,-42,1,Dry
2026,MOTO2,4,Spain,2026-04-26,Jose Antonio Rueda,0,0,0,1,-49,1,Dry
2026,MOTO2,4,Spain,2026-04-26,Luca Lunetta,0,0,0,0,-50,1,Dry
2026,MOTO2,4,Spain,2026-04-26,Ayumu Sasaki,0,4,4,4,-46,0,Dry
2026,MOTO2,4,Spain,2026-04-26,Alberto Ferrandez,0,0,0,0,-50,1,Dry
2026,MOTO2,4,Spain,2026-04-26,Aron Canet,0,0,0,3,-47,1,Dry
2026,MOTO2,4,Spain,2026-04-26,Taiyo Furusato,0,0,0,0,-50,1,Dry
2026,MOTO2,4,Spain,2026-04-26,Zonta Vd Goorbergh,0,0,0,0,-50,1,Dry
2026,MOTO2,4,Spain,2026-04-26,Sergio Garcia,0,0,0,0,-50,1,Dry
2026,MOTO2,4,Spain,2026-04-26,Angel Piqueras,0,0,0,0,-50,1,Dry
2026,MOTO2,4,Spain,2026-04-26,Mario Aji,0,0,0,3,-47,1,Dry
2026,MOTO2,4,Spain,2026-04-26,Marcos Ramirez,0,0,0,0,-50,1,Dry
2026,MOTO2,4,Spain,2026-04-26,Xabi Zurutuza,0,0,0,0,-50,1,Dry
2026,MOTO2,4,Spain,2026-04-26,Unai Orradre,0,0,0,0,-50,1,Dry
2026,MOTO2,4,Spain,2026-04-26,Jorge Navarro,0,0,0,0,-50,1,Dry
2026,MOTO2,4,Spain,2026-04-26,Dennis Foggia,0,0,0,0,-50,1,Dry
2026,MOTO2,4,Spain,2026-04-26,Jacob Roulstone,0,0,0,0,-50,1,Dry
2026,MOTO2,4,Spain,2026-04-26,Milan Pawelec,0,0,0,0,-50,1,Dry
2026,MOTO2,5,France,2026-05-10,Manuel Gonzalez,0,20,20,67,0,0,Dry
2026,MOTO2,5,France,2026-05-10,Izan Guevara,0,25,25,60,-7,0,Dry
2026,MOTO2,5,France,2026-05-10,Ivan Ortola,0,16,16,33,-34,0,Dry
2026,MOTO2,5,France,2026-05-10,David Alonso,0,11,11,48,-19,0,Dry
2026,MOTO2,5,France,2026-05-10,Daniel Holgado,0,0,0,30,-37,1,Dry
2026,MOTO2,5,France,2026-05-10,Senna Agius,0,9,9,59,-8,0,Dry
2026,MOTO2,5,France,2026-05-10,Filip Salac,0,7,7,10,-57,0,Dry
2026,MOTO2,5,France,2026-05-10,Celestino Vietti,0,10,10,48,-19,0,Dry
2026,MOTO2,5,France,2026-05-10,Alonso Lopez,0,13,13,27,-40,0,Dry
2026,MOTO2,5,France,2026-05-10,Collin Veijer,0,0,0,24,-43,1,Dry
2026,MOTO2,5,France,2026-05-10,Tony Arbolino,0,2,2,25,-42,0,Dry
2026,MOTO2,5,France,2026-05-10,Daniel Muñoz,0,0,0,32,-35,1,Dry
2026,MOTO2,5,France,2026-05-10,Alex Escrig,0,0,0,28,-39,1,Dry
2026,MOTO2,5,France,2026-05-10,Barry Baltus,0,0,0,12,-55,1,Dry
2026,MOTO2,5,France,2026-05-10,Deniz öncü,0,3,3,6,-61,0,Dry
2026,MOTO2,5,France,2026-05-10,Joe Roberts,0,8,8,16,-51,0,Dry
2026,MOTO2,5,France,2026-05-10,Adrian Huertas,0,0,0,8,-59,1,Dry
2026,MOTO2,5,France,2026-05-10,Jose Antonio Rueda,0,0,0,1,-66,1,Dry
2026,MOTO2,5,France,2026-05-10,Luca Lunetta,0,0,0,0,-67,1,Dry
2026,MOTO2,5,France,2026-05-10,Ayumu Sasaki,0,0,0,4,-63,1,Dry
2026,MOTO2,5,France,2026-05-10,Alberto Ferrandez,0,1,1,1,-66,0,Dry
2026,MOTO2,5,France,2026-05-10,Aron Canet,0,6,6,9,-58,0,Dry
2026,MOTO2,5,France,2026-05-10,Taiyo Furusato,0,0,0,0,-67,1,Dry
2026,MOTO2,5,France,2026-05-10,Zonta Vd Goorbergh,0,4,4,4,-63,0,Dry
2026,MOTO2,5,France,2026-05-10,Sergio Garcia,0,5,5,5,-62,0,Dry
2026,MOTO2,5,France,2026-05-10,Angel Piqueras,0,0,0,0,-67,1,Dry
2026,MOTO2,5,France,2026-05-10,Mario Aji,0,0,0,3,-64,1,Dry
2026,MOTO2,5,France,2026-05-10,Marcos Ramirez,0,0,0,0,-67,1,Dry
2026,MOTO2,5,France,2026-05-10,Xabi Zurutuza,0,0,0,0,-67,1,Dry
2026,MOTO2,5,France,2026-05-10,Unai Orradre,0,0,0,0,-67,1,Dry
2026,MOTO2,5,France,2026-05-10,Jorge Navarro,0,0,0,0,-67,1,Dry
2026,MOTO2,5,France,2026-05-10,Dennis Foggia,0,0,0,0,-67,1,Dry
2026,MOTO2,5,France,2026-05-10,Jacob Roulstone,0,0,0,0,-67,1,Dry
2026,MOTO2,5,France,2026-05-10,Milan Pawelec,0,0,0,0,-67,1,Dry
2026,MOTO2,6,Catalonia,2026-05-17,Manuel Gonzalez,0,25,25,92,0,0,Dry
2026,MOTO2,6,Catalonia,2026-05-17,Izan Guevara,0,16,16,76,-16,0,Dry
2026,MOTO2,6,Catalonia,2026-05-17,Ivan Ortola,0,13,13,46,-46,0,Dry
2026,MOTO2,6,Catalonia,2026-05-17,David Alonso,0,10,10,58,-34,0,Dry
2026,MOTO2,6,Catalonia,2026-05-17,Daniel Holgado,0,11,11,41,-51,0,Dry
2026,MOTO2,6,Catalonia,2026-05-17,Senna Agius,0,6,6,65,-27,0,Dry
2026,MOTO2,6,Catalonia,2026-05-17,Filip Salac,0,9,9,19,-73,0,Dry
2026,MOTO2,6,Catalonia,2026-05-17,Celestino Vietti,0,20,20,68,-24,0,Dry
2026,MOTO2,6,Catalonia,2026-05-17,Alonso Lopez,0,8,8,35,-57,0,Dry
2026,MOTO2,6,Catalonia,2026-05-17,Collin Veijer,0,0,0,24,-68,1,Dry
2026,MOTO2,6,Catalonia,2026-05-17,Tony Arbolino,0,0,0,25,-67,1,Dry
2026,MOTO2,6,Catalonia,2026-05-17,Daniel Muñoz,0,5,5,37,-55,0,Dry
2026,MOTO2,6,Catalonia,2026-05-17,Alex Escrig,0,0,0,28,-64,1,Dry
2026,MOTO2,6,Catalonia,2026-05-17,Barry Baltus,0,3,3,15,-77,0,Dry
2026,MOTO2,6,Catalonia,2026-05-17,Deniz öncü,0,0,0,6,-86,1,Dry
2026,MOTO2,6,Catalonia,2026-05-17,Joe Roberts,0,0,0,16,-76,1,Dry
2026,MOTO2,6,Catalonia,2026-05-17,Adrian Huertas,0,0,0,8,-84,1,Dry
2026,MOTO2,6,Catalonia,2026-05-17,Jose Antonio Rueda,0,4,4,5,-87,0,Dry
2026,MOTO2,6,Catalonia,2026-05-17,Luca Lunetta,0,7,7,7,-85,0,Dry
2026,MOTO2,6,Catalonia,2026-05-17,Ayumu Sasaki,0,1,1,5,-87,0,Dry
2026,MOTO2,6,Catalonia,2026-05-17,Alberto Ferrandez,0,0,0,1,-91,1,Dry
2026,MOTO2,6,Catalonia,2026-05-17,Aron Canet,0,2,2,11,-81,0,Dry
2026,MOTO2,6,Catalonia,2026-05-17,Taiyo Furusato,0,0,0,0,-92,1,Dry
2026,MOTO2,6,Catalonia,2026-05-17,Zonta Vd Goorbergh,0,0,0,4,-88,1,Dry
2026,MOTO2,6,Catalonia,2026-05-17,Sergio Garcia,0,0,0,5,-87,1,Dry
2026,MOTO2,6,Catalonia,2026-05-17,Angel Piqueras,0,0,0,0,-92,1,Dry
2026,MOTO2,6,Catalonia,2026-05-17,Mario Aji,0,0,0,3,-89,1,Dry
2026,MOTO2,6,Catalonia,2026-05-17,Marcos Ramirez,0,0,0,0,-92,1,Dry
2026,MOTO2,6,Catalonia,2026-05-17,Xabi Zurutuza,0,0,0,0,-92,1,Dry
2026,MOTO2,6,Catalonia,2026-05-17,Unai Orradre,0,0,0,0,-92,1,Dry
2026,MOTO2,6,Catalonia,2026-05-17,Jorge Navarro,0,0,0,0,-92,1,Dry
2026,MOTO2,6,Catalonia,2026-05-17,Dennis Foggia,0,0,0,0,-92,1,Dry
2026,MOTO2,6,Catalonia,2026-05-17,Jacob Roulstone,0,0,0,0,-92,1,Dry
2026,MOTO2,6,Catalonia,2026-05-17,Milan Pawelec,0,0,0,0,-92,1,Dry
2026,MOTO2,7,Italy,2026-05-31,Manuel Gonzalez,0,25,25,117,0,0,Dry
2026,MOTO2,7,Italy,2026-05-31,Izan Guevara,0,9,9,85,-32,0,Dry
2026,MOTO2,7,Italy,2026-05-31,Ivan Ortola,0,0,0,46,-71,1,Dry
2026,MOTO2,7,Italy,2026-05-31,David Alonso,0,0,0,58,-59,1,Dry
2026,MOTO2,7,Italy,2026-05-31,Daniel Holgado,0,16,16,57,-60,0,Dry
2026,MOTO2,7,Italy,2026-05-31,Senna Agius,0,13,13,78,-39,0,Dry
2026,MOTO2,7,Italy,2026-05-31,Filip Salac,0,11,11,30,-87,0,Dry
2026,MOTO2,7,Italy,2026-05-31,Celestino Vietti,0,20,20,88,-29,0,Dry
2026,MOTO2,7,Italy,2026-05-31,Alonso Lopez,0,10,10,45,-72,0,Dry
2026,MOTO2,7,Italy,2026-05-31,Collin Veijer,0,7,7,31,-86,0,Dry
2026,MOTO2,7,Italy,2026-05-31,Tony Arbolino,0,5,5,30,-87,0,Dry
2026,MOTO2,7,Italy,2026-05-31,Daniel Muñoz,0,0,0,37,-80,1,Dry
2026,MOTO2,7,Italy,2026-05-31,Alex Escrig,0,0,0,28,-89,1,Dry
2026,MOTO2,7,Italy,2026-05-31,Barry Baltus,0,8,8,23,-94,0,Dry
2026,MOTO2,7,Italy,2026-05-31,Deniz öncü,0,6,6,12,-105,0,Dry
2026,MOTO2,7,Italy,2026-05-31,Joe Roberts,0,2,2,18,-99,0,Dry
2026,MOTO2,7,Italy,2026-05-31,Adrian Huertas,0,4,4,12,-105,0,Dry
2026,MOTO2,7,Italy,2026-05-31,Jose Antonio Rueda,0,3,3,8,-109,0,Dry
2026,MOTO2,7,Italy,2026-05-31,Luca Lunetta,0,0,0,7,-110,1,Dry
2026,MOTO2,7,Italy,2026-05-31,Ayumu Sasaki,0,0,0,5,-112,1,Dry
2026,MOTO2,7,Italy,2026-05-31,Alberto Ferrandez,0,0,0,1,-116,1,Dry
2026,MOTO2,7,Italy,2026-05-31,Aron Canet,0,0,0,11,-106,1,Dry
2026,MOTO2,7,Italy,2026-05-31,Taiyo Furusato,0,0,0,0,-117,1,Dry
2026,MOTO2,7,Italy,2026-05-31,Zonta Vd Goorbergh,0,1,1,5,-112,0,Dry
2026,MOTO2,7,Italy,2026-05-31,Sergio Garcia,0,0,0,5,-112,1,Dry
2026,MOTO2,7,Italy,2026-05-31,Angel Piqueras,0,0,0,0,-117,1,Dry
2026,MOTO2,7,Italy,2026-05-31,Mario Aji,0,0,0,3,-114,1,Dry
2026,MOTO2,7,Italy,2026-05-31,Marcos Ramirez,0,0,0,0,-117,1,Dry
2026,MOTO2,7,Italy,2026-05-31,Xabi Zurutuza,0,0,0,0,-117,1,Dry
2026,MOTO2,7,Italy,2026-05-31,Unai Orradre,0,0,0,0,-117,1,Dry
2026,MOTO2,7,Italy,2026-05-31,Jorge Navarro,0,0,0,0,-117,1,Dry
2026,MOTO2,7,Italy,2026-05-31,Dennis Foggia,0,0,0,0,-117,1,Dry
2026,MOTO2,7,Italy,2026-05-31,Jacob Roulstone,0,0,0,0,-117,1,Dry
2026,MOTO2,7,Italy,2026-05-31,Milan Pawelec,0,0,0,0,-117,1,Dry
2026,MOTO2,8,Hungary,2026-06-07,Manuel Gonzalez,0,25,25,142,0,0,Dry
2026,MOTO2,8,Hungary,2026-06-07,Izan Guevara,0,10,10,95,-47,0,Dry
2026,MOTO2,8,Hungary,2026-06-07,Ivan Ortola,0,0,0,46,-96,1,Dry
2026,MOTO2,8,Hungary,2026-06-07,David Alonso,0,13,13,71,-71,0,Dry
2026,MOTO2,8,Hungary,2026-06-07,Daniel Holgado,0,11,11,68,-74,0,Dry
2026,MOTO2,8,Hungary,2026-06-07,Senna Agius,0,16,16,94,-48,0,Dry
2026,MOTO2,8,Hungary,2026-06-07,Filip Salac,0,20,20,50,-92,0,Dry
2026,MOTO2,8,Hungary,2026-06-07,Celestino Vietti,0,9,9,97,-45,0,Dry
2026,MOTO2,8,Hungary,2026-06-07,Alonso Lopez,0,8,8,53,-89,0,Dry
2026,MOTO2,8,Hungary,2026-06-07,Collin Veijer,0,0,0,31,-111,1,Dry
2026,MOTO2,8,Hungary,2026-06-07,Tony Arbolino,0,6,6,36,-106,0,Dry
2026,MOTO2,8,Hungary,2026-06-07,Daniel Muñoz,0,0,0,37,-105,1,Dry
2026,MOTO2,8,Hungary,2026-06-07,Alex Escrig,0,0,0,28,-114,1,Dry
2026,MOTO2,8,Hungary,2026-06-07,Barry Baltus,0,4,4,27,-115,0,Dry
2026,MOTO2,8,Hungary,2026-06-07,Deniz öncü,0,0,0,12,-130,1,Dry
2026,MOTO2,8,Hungary,2026-06-07,Joe Roberts,0,1,1,19,-123,0,Dry
2026,MOTO2,8,Hungary,2026-06-07,Adrian Huertas,0,0,0,12,-130,1,Dry
2026,MOTO2,8,Hungary,2026-06-07,Jose Antonio Rueda,0,5,5,13,-129,0,Dry
2026,MOTO2,8,Hungary,2026-06-07,Luca Lunetta,0,0,0,7,-135,1,Dry
2026,MOTO2,8,Hungary,2026-06-07,Ayumu Sasaki,0,0,0,5,-137,1,Dry
2026,MOTO2,8,Hungary,2026-06-07,Alberto Ferrandez,0,7,7,8,-134,0,Dry
2026,MOTO2,8,Hungary,2026-06-07,Aron Canet,0,0,0,11,-131,1,Dry
2026,MOTO2,8,Hungary,2026-06-07,Taiyo Furusato,0,2,2,2,-140,0,Dry
2026,MOTO2,8,Hungary,2026-06-07,Zonta Vd Goorbergh,0,3,3,8,-134,0,Dry
2026,MOTO2,8,Hungary,2026-06-07,Sergio Garcia,0,0,0,5,-137,1,Dry
2026,MOTO2,8,Hungary,2026-06-07,Angel Piqueras,0,0,0,0,-142,1,Dry
2026,MOTO2,8,Hungary,2026-06-07,Mario Aji,0,0,0,3,-139,1,Dry
2026,MOTO2,8,Hungary,2026-06-07,Marcos Ramirez,0,0,0,0,-142,1,Dry
2026,MOTO2,8,Hungary,2026-06-07,Xabi Zurutuza,0,0,0,0,-142,1,Dry
2026,MOTO2,8,Hungary,2026-06-07,Unai Orradre,0,0,0,0,-142,1,Dry
2026,MOTO2,8,Hungary,2026-06-07,Jorge Navarro,0,0,0,0,-142,1,Dry
2026,MOTO2,8,Hungary,2026-06-07,Dennis Foggia,0,0,0,0,-142,1,Dry
2026,MOTO2,8,Hungary,2026-06-07,Jacob Roulstone,0,0,0,0,-142,1,Dry
2026,MOTO2,8,Hungary,2026-06-07,Milan Pawelec,0,0,0,0,-142,1,Dry
2026,MOTO2,9,Czechia,2026-06-21,Manuel Gonzalez,0,11,11,153,0,0,Dry
2026,MOTO2,9,Czechia,2026-06-21,Izan Guevara,0,10,10,105,-48,0,Dry
2026,MOTO2,9,Czechia,2026-06-21,Ivan Ortola,0,25,25,71,-82,0,Dry
2026,MOTO2,9,Czechia,2026-06-21,David Alonso,0,20,20,91,-62,0,Dry
2026,MOTO2,9,Czechia,2026-06-21,Daniel Holgado,0,9,9,77,-76,0,Dry
2026,MOTO2,9,Czechia,2026-06-21,Senna Agius,0,13,13,107,-46,0,Dry
2026,MOTO2,9,Czechia,2026-06-21,Filip Salac,0,16,16,66,-87,0,Dry
2026,MOTO2,9,Czechia,2026-06-21,Celestino Vietti,0,7,7,104,-49,0,Dry
2026,MOTO2,9,Czechia,2026-06-21,Alonso Lopez,0,0,0,53,-100,1,Dry
2026,MOTO2,9,Czechia,2026-06-21,Collin Veijer,0,5,5,36,-117,0,Dry
2026,MOTO2,9,Czechia,2026-06-21,Tony Arbolino,0,0,0,36,-117,1,Dry
2026,MOTO2,9,Czechia,2026-06-21,Daniel Muñoz,0,4,4,41,-112,0,Dry
2026,MOTO2,9,Czechia,2026-06-21,Alex Escrig,0,3,3,31,-122,0,Dry
2026,MOTO2,9,Czechia,2026-06-21,Barry Baltus,0,0,0,27,-126,1,Dry
2026,MOTO2,9,Czechia,2026-06-21,Deniz öncü,0,0,0,12,-141,1,Dry
2026,MOTO2,9,Czechia,2026-06-21,Joe Roberts,0,8,8,27,-126,0,Dry
2026,MOTO2,9,Czechia,2026-06-21,Adrian Huertas,0,0,0,12,-141,1,Dry
2026,MOTO2,9,Czechia,2026-06-21,Jose Antonio Rueda,0,6,6,19,-134,0,Dry
2026,MOTO2,9,Czechia,2026-06-21,Luca Lunetta,0,0,0,7,-146,1,Dry
2026,MOTO2,9,Czechia,2026-06-21,Ayumu Sasaki,0,0,0,5,-148,1,Dry
2026,MOTO2,9,Czechia,2026-06-21,Alberto Ferrandez,0,0,0,8,-145,1,Dry
2026,MOTO2,9,Czechia,2026-06-21,Aron Canet,0,0,0,11,-142,1,Dry
2026,MOTO2,9,Czechia,2026-06-21,Taiyo Furusato,0,2,2,4,-149,0,Dry
2026,MOTO2,9,Czechia,2026-06-21,Zonta Vd Goorbergh,0,1,1,9,-144,0,Dry
2026,MOTO2,9,Czechia,2026-06-21,Sergio Garcia,0,0,0,5,-148,1,Dry
2026,MOTO2,9,Czechia,2026-06-21,Angel Piqueras,0,0,0,0,-153,1,Dry
2026,MOTO2,9,Czechia,2026-06-21,Mario Aji,0,0,0,3,-150,1,Dry
2026,MOTO2,9,Czechia,2026-06-21,Marcos Ramirez,0,0,0,0,-153,1,Dry
2026,MOTO2,9,Czechia,2026-06-21,Xabi Zurutuza,0,0,0,0,-153,1,Dry
2026,MOTO2,9,Czechia,2026-06-21,Unai Orradre,0,0,0,0,-153,1,Dry
2026,MOTO2,9,Czechia,2026-06-21,Jorge Navarro,0,0,0,0,-153,1,Dry
2026,MOTO2,9,Czechia,2026-06-21,Dennis Foggia,0,0,0,0,-153,1,Dry
2026,MOTO2,9,Czechia,2026-06-21,Jacob Roulstone,0,0,0,0,-153,1,Dry
2026,MOTO2,9,Czechia,2026-06-21,Milan Pawelec,0,0,0,0,-153,1,Dry
2026,MOTO2,10,Netherlands,2026-06-28,Manuel Gonzalez,0,20,20,173,0,0,Dry
2026,MOTO2,10,Netherlands,2026-06-28,Izan Guevara,0,13,13,118,-55,0,Dry
2026,MOTO2,10,Netherlands,2026-06-28,Ivan Ortola,0,11,11,82,-91,0,Dry
2026,MOTO2,10,Netherlands,2026-06-28,David Alonso,0,25,25,116,-57,0,Dry
2026,MOTO2,10,Netherlands,2026-06-28,Daniel Holgado,0,10,10,87,-86,0,Dry
2026,MOTO2,10,Netherlands,2026-06-28,Senna Agius,0,16,16,123,-50,0,Dry
2026,MOTO2,10,Netherlands,2026-06-28,Filip Salac,0,8,8,74,-99,0,Dry
2026,MOTO2,10,Netherlands,2026-06-28,Celestino Vietti,0,0,0,104,-69,1,Dry
2026,MOTO2,10,Netherlands,2026-06-28,Alonso Lopez,0,0,0,53,-120,1,Dry
2026,MOTO2,10,Netherlands,2026-06-28,Collin Veijer,0,7,7,43,-130,0,Dry
2026,MOTO2,10,Netherlands,2026-06-28,Tony Arbolino,0,5,5,41,-132,0,Dry
2026,MOTO2,10,Netherlands,2026-06-28,Daniel Muñoz,0,0,0,41,-132,1,Dry
2026,MOTO2,10,Netherlands,2026-06-28,Alex Escrig,0,0,0,31,-142,1,Dry
2026,MOTO2,10,Netherlands,2026-06-28,Barry Baltus,0,0,0,27,-146,1,Dry
2026,MOTO2,10,Netherlands,2026-06-28,Deniz öncü,0,0,0,12,-161,1,Dry
2026,MOTO2,10,Netherlands,2026-06-28,Joe Roberts,0,1,1,28,-145,0,Dry
2026,MOTO2,10,Netherlands,2026-06-28,Adrian Huertas,0,9,9,21,-152,0,Dry
2026,MOTO2,10,Netherlands,2026-06-28,Jose Antonio Rueda,0,0,0,19,-154,1,Dry
2026,MOTO2,10,Netherlands,2026-06-28,Luca Lunetta,0,4,4,11,-162,0,Dry
2026,MOTO2,10,Netherlands,2026-06-28,Ayumu Sasaki,0,0,0,5,-168,1,Dry
2026,MOTO2,10,Netherlands,2026-06-28,Alberto Ferrandez,0,6,6,14,-159,0,Dry
2026,MOTO2,10,Netherlands,2026-06-28,Aron Canet,0,0,0,11,-162,1,Dry
2026,MOTO2,10,Netherlands,2026-06-28,Taiyo Furusato,0,0,0,4,-169,1,Dry
2026,MOTO2,10,Netherlands,2026-06-28,Zonta Vd Goorbergh,0,3,3,12,-161,0,Dry
2026,MOTO2,10,Netherlands,2026-06-28,Sergio Garcia,0,0,0,5,-168,1,Dry
2026,MOTO2,10,Netherlands,2026-06-28,Angel Piqueras,0,2,2,2,-171,0,Dry
2026,MOTO2,10,Netherlands,2026-06-28,Mario Aji,0,0,0,3,-170,1,Dry
2026,MOTO2,10,Netherlands,2026-06-28,Marcos Ramirez,0,0,0,0,-173,1,Dry
2026,MOTO2,10,Netherlands,2026-06-28,Xabi Zurutuza,0,0,0,0,-173,1,Dry
2026,MOTO2,10,Netherlands,2026-06-28,Unai Orradre,0,0,0,0,-173,1,Dry
2026,MOTO2,10,Netherlands,2026-06-28,Jorge Navarro,0,0,0,0,-173,1,Dry
2026,MOTO2,10,Netherlands,2026-06-28,Dennis Foggia,0,0,0,0,-173,1,Dry
2026,MOTO2,10,Netherlands,2026-06-28,Jacob Roulstone,0,0,0,0,-173,1,Dry
2026,MOTO2,10,Netherlands,2026-06-28,Milan Pawelec,0,0,0,0,-173,1,Dry
2026,MOTO2,11,Germany,2026-07-12,Manuel Gonzalez,0,10,10,183,0,0,Dry
2026,MOTO2,11,Germany,2026-07-12,Izan Guevara,0,16,16,134,-49,0,Dry
2026,MOTO2,11,Germany,2026-07-12,Ivan Ortola,0,25,25,107,-76,0,Dry
2026,MOTO2,11,Germany,2026-07-12,David Alonso,0,0,0,116,-67,1,Dry
2026,MOTO2,11,Germany,2026-07-12,Daniel Holgado,0,20,20,107,-76,0,Dry
2026,MOTO2,11,Germany,2026-07-12,Senna Agius,0,13,13,136,-47,0,Dry
2026,MOTO2,11,Germany,2026-07-12,Filip Salac,0,9,9,83,-100,0,Dry
2026,MOTO2,11,Germany,2026-07-12,Celestino Vietti,0,0,0,104,-79,1,Dry
2026,MOTO2,11,Germany,2026-07-12,Alonso Lopez,0,0,0,53,-130,1,Dry
2026,MOTO2,11,Germany,2026-07-12,Collin Veijer,0,7,7,50,-133,0,Dry
2026,MOTO2,11,Germany,2026-07-12,Tony Arbolino,0,0,0,41,-142,1,Dry
2026,MOTO2,11,Germany,2026-07-12,Daniel Muñoz,0,0,0,41,-142,1,Dry
2026,MOTO2,11,Germany,2026-07-12,Alex Escrig,0,1,1,32,-151,0,Dry
2026,MOTO2,11,Germany,2026-07-12,Barry Baltus,0,0,0,27,-156,1,Dry
2026,MOTO2,11,Germany,2026-07-12,Deniz öncü,0,0,0,12,-171,1,Dry
2026,MOTO2,11,Germany,2026-07-12,Joe Roberts,0,4,4,32,-151,0,Dry
2026,MOTO2,11,Germany,2026-07-12,Adrian Huertas,0,5,5,26,-157,0,Dry
2026,MOTO2,11,Germany,2026-07-12,Jose Antonio Rueda,0,8,8,27,-156,0,Dry
2026,MOTO2,11,Germany,2026-07-12,Luca Lunetta,0,6,6,17,-166,0,Dry
2026,MOTO2,11,Germany,2026-07-12,Ayumu Sasaki,0,3,3,8,-175,0,Dry
2026,MOTO2,11,Germany,2026-07-12,Alberto Ferrandez,0,0,0,14,-169,1,Dry
2026,MOTO2,11,Germany,2026-07-12,Aron Canet,0,0,0,11,-172,1,Dry
2026,MOTO2,11,Germany,2026-07-12,Taiyo Furusato,0,11,11,15,-168,0,Dry
2026,MOTO2,11,Germany,2026-07-12,Zonta Vd Goorbergh,0,0,0,12,-171,1,Dry
2026,MOTO2,11,Germany,2026-07-12,Sergio Garcia,0,0,0,5,-178,1,Dry
2026,MOTO2,11,Germany,2026-07-12,Angel Piqueras,0,2,2,4,-179,0,Dry
2026,MOTO2,11,Germany,2026-07-12,Mario Aji,0,0,0,3,-180,1,Dry
2026,MOTO2,11,Germany,2026-07-12,Marcos Ramirez,0,0,0,0,-183,1,Dry
2026,MOTO2,11,Germany,2026-07-12,Xabi Zurutuza,0,0,0,0,-183,1,Dry
2026,MOTO2,11,Germany,2026-07-12,Unai Orradre,0,0,0,0,-183,1,Dry
2026,MOTO2,11,Germany,2026-07-12,Jorge Navarro,0,0,0,0,-183,1,Dry
2026,MOTO2,11,Germany,2026-07-12,Dennis Foggia,0,0,0,0,-183,1,Dry
2026,MOTO2,11,Germany,2026-07-12,Jacob Roulstone,0,0,0,0,-183,1,Dry
2026,MOTO2,11,Germany,2026-07-12,Milan Pawelec,0,0,0,0,-183,1,Dry
2026,MOTO2,12,Great Britain,2026-08-09,Manuel Gonzalez,0,2,2,185,0,0,Dry
2026,MOTO2,12,Great Britain,2026-08-09,Izan Guevara,0,11,11,145,-40,0,Dry
2026,MOTO2,12,Great Britain,2026-08-09,Ivan Ortola,0,20,20,127,-58,0,Dry
2026,MOTO2,12,Great Britain,2026-08-09,David Alonso,0,0,0,116,-69,1,Dry
2026,MOTO2,12,Great Britain,2026-08-09,Daniel Holgado,0,13,13,120,-65,0,Dry
2026,MOTO2,12,Great Britain,2026-08-09,Senna Agius,0,0,0,136,-49,1,Dry
2026,MOTO2,12,Great Britain,2026-08-09,Filip Salac,0,25,25,108,-77,0,Dry
2026,MOTO2,12,Great Britain,2026-08-09,Celestino Vietti,0,3,3,107,-78,0,Dry
2026,MOTO2,12,Great Britain,2026-08-09,Alonso Lopez,0,10,10,63,-122,0,Dry
2026,MOTO2,12,Great Britain,2026-08-09,Collin Veijer,0,0,0,50,-135,1,Dry
2026,MOTO2,12,Great Britain,2026-08-09,Tony Arbolino,0,0,0,41,-144,1,Dry
2026,MOTO2,12,Great Britain,2026-08-09,Daniel Muñoz,0,9,9,50,-135,0,Dry
2026,MOTO2,12,Great Britain,2026-08-09,Alex Escrig,0,16,16,48,-137,0,Dry
2026,MOTO2,12,Great Britain,2026-08-09,Barry Baltus,0,7,7,34,-151,0,Dry
2026,MOTO2,12,Great Britain,2026-08-09,Deniz öncü,0,8,8,20,-165,0,Dry
2026,MOTO2,12,Great Britain,2026-08-09,Joe Roberts,0,4,4,36,-149,0,Dry
2026,MOTO2,12,Great Britain,2026-08-09,Adrian Huertas,0,0,0,26,-159,1,Dry
2026,MOTO2,12,Great Britain,2026-08-09,Jose Antonio Rueda,0,0,0,27,-158,1,Dry
2026,MOTO2,12,Great Britain,2026-08-09,Luca Lunetta,0,0,0,17,-168,1,Dry
2026,MOTO2,12,Great Britain,2026-08-09,Ayumu Sasaki,0,5,5,13,-172,0,Dry
2026,MOTO2,12,Great Britain,2026-08-09,Alberto Ferrandez,0,1,1,15,-170,0,Dry
2026,MOTO2,12,Great Britain,2026-08-09,Aron Canet,0,0,0,11,-174,1,Dry
2026,MOTO2,12,Great Britain,2026-08-09,Taiyo Furusato,0,0,0,15,-170,1,Dry
2026,MOTO2,12,Great Britain,2026-08-09,Zonta Vd Goorbergh,0,0,0,12,-173,1,Dry
2026,MOTO2,12,Great Britain,2026-08-09,Sergio Garcia,0,6,6,11,-174,0,Dry
2026,MOTO2,12,Great Britain,2026-08-09,Angel Piqueras,0,0,0,4,-181,1,Dry
2026,MOTO2,12,Great Britain,2026-08-09,Mario Aji,0,0,0,3,-182,1,Dry
2026,MOTO2,12,Great Britain,2026-08-09,Marcos Ramirez,0,0,0,0,-185,1,Dry
2026,MOTO2,12,Great Britain,2026-08-09,Xabi Zurutuza,0,0,0,0,-185,1,Dry
2026,MOTO2,12,Great Britain,2026-08-09,Unai Orradre,0,0,0,0,-185,1,Dry
2026,MOTO2,12,Great Britain,2026-08-09,Jorge Navarro,0,0,0,0,-185,1,Dry
2026,MOTO2,12,Great Britain,2026-08-09,Dennis Foggia,0,0,0,0,-185,1,Dry
2026,MOTO2,12,Great Britain,2026-08-09,Jacob Roulstone,0,0,0,0,-185,1,Dry
2026,MOTO2,12,Great Britain,2026-08-09,Milan Pawelec,0,0,0,0,-185,1,Dry
2026,MOTO2,13,Aragon,2026-08-30,Manuel Gonzalez,0,10,10,195,0,0,Dry
2026,MOTO2,13,Aragon,2026-08-30,Izan Guevara,0,20,20,165,-30,0,Dry
2026,MOTO2,13,Aragon,2026-08-30,Ivan Ortola,0,11,11,138,-57,0,Dry
2026,MOTO2,13,Aragon,2026-08-30,David Alonso,0,16,16,132,-63,0,Dry
2026,MOTO2,13,Aragon,2026-08-30,Daniel Holgado,0,9,9,129,-66,0,Dry
2026,MOTO2,13,Aragon,2026-08-30,Senna Agius,0,13,13,149,-46,0,Dry
2026,MOTO2,13,Aragon,2026-08-30,Filip Salac,0,0,0,108,-87,1,Dry
2026,MOTO2,13,Aragon,2026-08-30,Celestino Vietti,0,2,2,109,-86,0,Dry
2026,MOTO2,13,Aragon,2026-08-30,Alonso Lopez,0,25,25,88,-107,0,Dry
2026,MOTO2,13,Aragon,2026-08-30,Collin Veijer,0,0,0,50,-145,1,Dry
2026,MOTO2,13,Aragon,2026-08-30,Tony Arbolino,0,0,0,41,-154,1,Dry
2026,MOTO2,13,Aragon,2026-08-30,Daniel Muñoz,0,5,5,55,-140,0,Dry
2026,MOTO2,13,Aragon,2026-08-30,Alex Escrig,0,7,7,55,-140,0,Dry
2026,MOTO2,13,Aragon,2026-08-30,Barry Baltus,0,1,1,35,-160,0,Dry
2026,MOTO2,13,Aragon,2026-08-30,Deniz öncü,0,8,8,28,-167,0,Dry
2026,MOTO2,13,Aragon,2026-08-30,Joe Roberts,0,4,4,40,-155,0,Dry
2026,MOTO2,13,Aragon,2026-08-30,Adrian Huertas,0,6,6,32,-163,0,Dry
2026,MOTO2,13,Aragon,2026-08-30,Jose Antonio Rueda,0,0,0,27,-168,1,Dry
2026,MOTO2,13,Aragon,2026-08-30,Luca Lunetta,0,0,0,17,-178,1,Dry
2026,MOTO2,13,Aragon,2026-08-30,Ayumu Sasaki,0,3,3,16,-179,0,Dry
2026,MOTO2,13,Aragon,2026-08-30,Alberto Ferrandez,0,0,0,15,-180,1,Dry
2026,MOTO2,13,Aragon,2026-08-30,Aron Canet,0,0,0,11,-184,1,Dry
2026,MOTO2,13,Aragon,2026-08-30,Taiyo Furusato,0,0,0,15,-180,1,Dry
2026,MOTO2,13,Aragon,2026-08-30,Zonta Vd Goorbergh,0,0,0,12,-183,1,Dry
2026,MOTO2,13,Aragon,2026-08-30,Sergio Garcia,0,0,0,11,-184,1,Dry
2026,MOTO2,13,Aragon,2026-08-30,Angel Piqueras,0,0,0,4,-191,1,Dry
2026,MOTO2,13,Aragon,2026-08-30,Mario Aji,0,0,0,3,-192,1,Dry
2026,MOTO2,13,Aragon,2026-08-30,Marcos Ramirez,0,0,0,0,-195,1,Dry
2026,MOTO2,13,Aragon,2026-08-30,Xabi Zurutuza,0,0,0,0,-195,1,Dry
2026,MOTO2,13,Aragon,2026-08-30,Unai Orradre,0,0,0,0,-195,1,Dry
2026,MOTO2,13,Aragon,2026-08-30,Jorge Navarro,0,0,0,0,-195,1,Dry
2026,MOTO2,13,Aragon,2026-08-30,Dennis Foggia,0,0,0,0,-195,1,Dry
2026,MOTO2,13,Aragon,2026-08-30,Jacob Roulstone,0,0,0,0,-195,1,Dry
2026,MOTO2,13,Aragon,2026-08-30,Milan Pawelec,0,0,0,0,-195,1,Dry
2026,MOTO2,14,San Marino,2026-09-13,Manuel Gonzalez,0,25,25,220,0,0,Dry
2026,MOTO2,14,San Marino,2026-09-13,Izan Guevara,0,10,10,175,-45,0,Dry
2026,MOTO2,14,San Marino,2026-09-13,Ivan Ortola,0,13,13,151,-69,0,Dry
2026,MOTO2,14,San Marino,2026-09-13,David Alonso,0,7,7,139,-81,0,Dry
2026,MOTO2,14,San Marino,2026-09-13,Daniel Holgado,0,0,0,129,-91,1,Dry
2026,MOTO2,14,San Marino,2026-09-13,Senna Agius,0,0,0,149,-71,1,Dry
2026,MOTO2,14,San Marino,2026-09-13,Filip Salac,0,0,0,108,-112,1,Dry
2026,MOTO2,14,San Marino,2026-09-13,Celestino Vietti,0,9,9,118,-102,0,Dry
2026,MOTO2,14,San Marino,2026-09-13,Alonso Lopez,0,8,8,96,-124,0,Dry
2026,MOTO2,14,San Marino,2026-09-13,Collin Veijer,0,20,20,70,-150,0,Dry
2026,MOTO2,14,San Marino,2026-09-13,Tony Arbolino,0,11,11,52,-168,0,Dry
2026,MOTO2,14,San Marino,2026-09-13,Daniel Muñoz,0,4,4,59,-161,0,Dry
2026,MOTO2,14,San Marino,2026-09-13,Alex Escrig,0,6,6,61,-159,0,Dry
2026,MOTO2,14,San Marino,2026-09-13,Barry Baltus,0,16,16,51,-169,0,Dry
2026,MOTO2,14,San Marino,2026-09-13,Deniz öncü,0,0,0,28,-192,1,Dry
2026,MOTO2,14,San Marino,2026-09-13,Joe Roberts,0,3,3,43,-177,0,Dry
2026,MOTO2,14,San Marino,2026-09-13,Adrian Huertas,0,5,5,37,-183,0,Dry
2026,MOTO2,14,San Marino,2026-09-13,Jose Antonio Rueda,0,0,0,27,-193,1,Dry
2026,MOTO2,14,San Marino,2026-09-13,Luca Lunetta,0,0,0,17,-203,1,Dry
2026,MOTO2,14,San Marino,2026-09-13,Ayumu Sasaki,0,0,0,16,-204,1,Dry
2026,MOTO2,14,San Marino,2026-09-13,Alberto Ferrandez,0,2,2,17,-203,0,Dry
2026,MOTO2,14,San Marino,2026-09-13,Aron Canet,0,1,1,12,-208,0,Dry
2026,MOTO2,14,San Marino,2026-09-13,Taiyo Furusato,0,0,0,15,-205,1,Dry
2026,MOTO2,14,San Marino,2026-09-13,Zonta Vd Goorbergh,0,0,0,12,-208,1,Dry
2026,MOTO2,14,San Marino,2026-09-13,Sergio Garcia,0,0,0,11,-209,1,Dry
2026,MOTO2,14,San Marino,2026-09-13,Angel Piqueras,0,0,0,4,-216,1,Dry
2026,MOTO2,14,San Marino,2026-09-13,Mario Aji,0,0,0,3,-217,1,Dry
2026,MOTO2,14,San Marino,2026-09-13,Marcos Ramirez,0,0,0,0,-220,1,Dry
2026,MOTO2,14,San Marino,2026-09-13,Xabi Zurutuza,0,0,0,0,-220,1,Dry
2026,MOTO2,14,San Marino,2026-09-13,Unai Orradre,0,0,0,0,-220,1,Dry
2026,MOTO2,14,San Marino,2026-09-13,Jorge Navarro,0,0,0,0,-220,1,Dry
2026,MOTO2,14,San Marino,2026-09-13,Dennis Foggia,0,0,0,0,-220,1,Dry
2026,MOTO2,14,San Marino,2026-09-13,Jacob Roulstone,0,0,0,0,-220,1,Dry
2026,MOTO2,14,San Marino,2026-09-13,Milan Pawelec,0,0,0,0,-220,1,Dry
2026,MOTO2,15,Austria,2026-09-20,Manuel Gonzalez,0,13,13,233,0,0,Dry
2026,MOTO2,15,Austria,2026-09-20,Izan Guevara,0,25,25,200,-33,0,Dry
2026,MOTO2,15,Austria,2026-09-20,Ivan Ortola,0,11,11,162,-71,0,Dry
2026,MOTO2,15,Austria,2026-09-20,David Alonso,0,16,16,155,-78,0,Dry
2026,MOTO2,15,Austria,2026-09-20,Daniel Holgado,0,9,9,138,-95,0,Dry
2026,MOTO2,15,Austria,2026-09-20,Senna Agius,0,0,0,149,-84,1,Dry
2026,MOTO2,15,Austria,2026-09-20,Filip Salac,0,20,20,128,-105,0,Dry
2026,MOTO2,15,Austria,2026-09-20,Celestino Vietti,0,0,0,118,-115,1,Dry
2026,MOTO2,15,Austria,2026-09-20,Alonso Lopez,0,10,10,106,-127,0,Dry
2026,MOTO2,15,Austria,2026-09-20,Collin Veijer,0,0,0,70,-163,1,Dry
2026,MOTO2,15,Austria,2026-09-20,Tony Arbolino,0,2,2,54,-179,0,Dry
2026,MOTO2,15,Austria,2026-09-20,Daniel Muñoz,0,5,5,64,-169,0,Dry
2026,MOTO2,15,Austria,2026-09-20,Alex Escrig,0,0,0,61,-172,1,Dry
2026,MOTO2,15,Austria,2026-09-20,Barry Baltus,0,8,8,59,-174,0,Dry
2026,MOTO2,15,Austria,2026-09-20,Deniz öncü,0,7,7,35,-198,0,Dry
2026,MOTO2,15,Austria,2026-09-20,Joe Roberts,0,1,1,44,-189,0,Dry
2026,MOTO2,15,Austria,2026-09-20,Adrian Huertas,0,0,0,37,-196,1,Dry
2026,MOTO2,15,Austria,2026-09-20,Jose Antonio Rueda,0,4,4,31,-202,0,Dry
2026,MOTO2,15,Austria,2026-09-20,Luca Lunetta,0,6,6,23,-210,0,Dry
2026,MOTO2,15,Austria,2026-09-20,Ayumu Sasaki,0,0,0,16,-217,1,Dry
2026,MOTO2,15,Austria,2026-09-20,Alberto Ferrandez,0,0,0,17,-216,1,Dry
2026,MOTO2,15,Austria,2026-09-20,Aron Canet,0,3,3,15,-218,0,Dry
2026,MOTO2,15,Austria,2026-09-20,Taiyo Furusato,0,0,0,15,-218,1,Dry
2026,MOTO2,15,Austria,2026-09-20,Zonta Vd Goorbergh,0,0,0,12,-221,1,Dry
2026,MOTO2,15,Austria,2026-09-20,Sergio Garcia,0,0,0,11,-222,1,Dry
2026,MOTO2,15,Austria,2026-09-20,Angel Piqueras,0,0,0,4,-229,1,Dry
2026,MOTO2,15,Austria,2026-09-20,Mario Aji,0,0,0,3,-230,1,Dry
2026,MOTO2,15,Austria,2026-09-20,Marcos Ramirez,0,0,0,0,-233,1,Dry
2026,MOTO2,15,Austria,2026-09-20,Xabi Zurutuza,0,0,0,0,-233,1,Dry
2026,MOTO2,15,Austria,2026-09-20,Unai Orradre,0,0,0,0,-233,1,Dry
2026,MOTO2,15,Austria,2026-09-20,Jorge Navarro,0,0,0,0,-233,1,Dry
2026,MOTO2,15,Austria,2026-09-20,Dennis Foggia,0,0,0,0,-233,1,Dry
2026,MOTO2,15,Austria,2026-09-20,Jacob Roulstone,0,0,0,0,-233,1,Dry
2026,MOTO2,15,Austria,2026-09-20,Milan Pawelec,0,0,0,0,-233,1,Dry
2026,MOTO2,16,Japan,2026-10-04,Manuel Gonzalez,0,0,12.5,245.5,0,0,Dry
2026,MOTO2,16,Japan,2026-10-04,Izan Guevara,0,25,35,235,-10.5,0,Dry
2026,MOTO2,16,Japan,2026-10-04,Ivan Ortola,0,13,19.5,181.5,-64.0,0,Dry
2026,MOTO2,16,Japan,2026-10-04,David Alonso,0,11,11,166,-79.5,0,Dry
2026,MOTO2,16,Japan,2026-10-04,Daniel Holgado,0,8,16,154,-91.5,0,Dry
2026,MOTO2,16,Japan,2026-10-04,Senna Agius,0,3,3,152,-93.5,0,Dry
2026,MOTO2,16,Japan,2026-10-04,Filip Salac,0,16,16,144,-101.5,0,Dry
2026,MOTO2,16,Japan,2026-10-04,Celestino Vietti,0,10,15,133,-112.5,0,Dry
2026,MOTO2,16,Japan,2026-10-04,Alonso Lopez,0,7,11.5,117.5,-128.0,0,Dry
2026,MOTO2,16,Japan,2026-10-04,Collin Veijer,0,0,5.5,75.5,-170.0,0,Dry
2026,MOTO2,16,Japan,2026-10-04,Tony Arbolino,0,20,21.5,75.5,-170.0,0,Dry
2026,MOTO2,16,Japan,2026-10-04,Daniel Muñoz,0,4,8,72,-173.5,0,Dry
2026,MOTO2,16,Japan,2026-10-04,Alex Escrig,0,0,2,63,-182.5,0,Dry
2026,MOTO2,16,Japan,2026-10-04,Barry Baltus,0,0,1,60,-185.5,0,Dry
2026,MOTO2,16,Japan,2026-10-04,Deniz öncü,0,9,12.5,47.5,-198.0,0,Dry
2026,MOTO2,16,Japan,2026-10-04,Joe Roberts,0,0,0,44,-201.5,1,Dry
2026,MOTO2,16,Japan,2026-10-04,Adrian Huertas,0,5,5,42,-203.5,0,Dry
2026,MOTO2,16,Japan,2026-10-04,Jose Antonio Rueda,0,6,6,37,-208.5,0,Dry
2026,MOTO2,16,Japan,2026-10-04,Luca Lunetta,0,0,0,23,-222.5,1,Dry
2026,MOTO2,16,Japan,2026-10-04,Ayumu Sasaki,0,2,5,21,-224.5,0,Dry
2026,MOTO2,16,Japan,2026-10-04,Alberto Ferrandez,0,0,0.5,17.5,-228.0,0,Dry
2026,MOTO2,16,Japan,2026-10-04,Aron Canet,0,0,2.5,17.5,-228.0,0,Dry
2026,MOTO2,16,Japan,2026-10-04,Taiyo Furusato,0,0,0,15,-230.5,1,Dry
2026,MOTO2,16,Japan,2026-10-04,Zonta Vd Goorbergh,0,1,1,13,-232.5,0,Dry
2026,MOTO2,16,Japan,2026-10-04,Sergio Garcia,0,0,0,11,-234.5,1,Dry
2026,MOTO2,16,Japan,2026-10-04,Angel Piqueras,0,0,0,4,-241.5,1,Dry
2026,MOTO2,16,Japan,2026-10-04,Mario Aji,0,0,0,3,-242.5,1,Dry
2026,MOTO2,16,Japan,2026-10-04,Marcos Ramirez,0,0,0,0,-245.5,1,Dry
2026,MOTO2,16,Japan,2026-10-04,Xabi Zurutuza,0,0,0,0,-245.5,1,Dry
2026,MOTO2,16,Japan,2026-10-04,Unai Orradre,0,0,0,0,-245.5,1,Dry
2026,MOTO2,16,Japan,2026-10-04,Jorge Navarro,0,0,0,0,-245.5,1,Dry
2026,MOTO2,16,Japan,2026-10-04,Dennis Foggia,0,0,0,0,-245.5,1,Dry
2026,MOTO2,16,Japan,2026-10-04,Jacob Roulstone,0,0,0,0,-245.5,1,Dry
2026,MOTO2,16,Japan,2026-10-04,Milan Pawelec,0,0,0,0,-245.5,1,Dry
2026,MOTO3,1,Thailand,2026-03-01,Maximo Quiles,0,20,20,20,-5,0,Dry
2026,MOTO3,1,Thailand,2026-03-01,David Almansa,0,25,25,25,0,0,Dry
2026,MOTO3,1,Thailand,2026-03-01,Alvaro Carpe,0,13,13,13,-12,0,Dry
2026,MOTO3,1,Thailand,2026-03-01,Brian Uriarte,0,10,10,10,-15,0,Dry
2026,MOTO3,1,Thailand,2026-03-01,Marco Morelli,0,9,9,9,-16,0,Dry
2026,MOTO3,1,Thailand,2026-03-01,Valentin Perrone,0,16,16,16,-9,0,Dry
2026,MOTO3,1,Thailand,2026-03-01,Hakim Danish,0,0,0,0,-25,1,Dry
2026,MOTO3,1,Thailand,2026-03-01,Veda Pratama,0,11,11,11,-14,0,Dry
2026,MOTO3,1,Thailand,2026-03-01,Matteo Bertelle,0,0,0,0,-25,1,Dry
2026,MOTO3,1,Thailand,2026-03-01,Rico Salmela,0,0,0,0,-25,1,Dry
2026,MOTO3,1,Thailand,2026-03-01,Adrian Cruces,0,4,4,4,-21,0,Dry
2026,MOTO3,1,Thailand,2026-03-01,Guido Pini,0,0,0,0,-25,1,Dry
2026,MOTO3,1,Thailand,2026-03-01,Casey O'gorman,0,6,6,6,-19,0,Dry
2026,MOTO3,1,Thailand,2026-03-01,Joel Kelso,0,3,3,3,-22,0,Dry
2026,MOTO3,1,Thailand,2026-03-01,Joel Esteban,0,8,8,8,-17,0,Dry
2026,MOTO3,1,Thailand,2026-03-01,Eddie O'shea,0,2,2,2,-23,0,Dry
2026,MOTO3,1,Thailand,2026-03-01,Adrian Fernandez,0,0,0,0,-25,1,Dry
2026,MOTO3,1,Thailand,2026-03-01,David Muñoz,0,7,7,7,-18,0,Dry
2026,MOTO3,1,Thailand,2026-03-01,Jesus Rios,0,0,0,0,-25,1,Dry
2026,MOTO3,1,Thailand,2026-03-01,Ryusei Yamanaka,0,0,0,0,-25,1,Dry
2026,MOTO3,1,Thailand,2026-03-01,Scott Ogden,0,5,5,5,-20,0,Dry
2026,MOTO3,1,Thailand,2026-03-01,David Gonzalez,0,0,0,0,-25,1,Dry
2026,MOTO3,1,Thailand,2026-03-01,Marcos Uriarte,0,0,0,0,-25,1,Dry
2026,MOTO3,1,Thailand,2026-03-01,Cormac Buchanan,0,0,0,0,-25,1,Dry
2026,MOTO3,1,Thailand,2026-03-01,Leo Rammerstorfer,0,1,1,1,-24,0,Dry
2026,MOTO3,1,Thailand,2026-03-01,Zen Mitani,0,0,0,0,-25,1,Dry
2026,MOTO3,1,Thailand,2026-03-01,Ruche Moodley,0,0,0,0,-25,1,Dry
2026,MOTO3,1,Thailand,2026-03-01,Kiattisak Singhapong,0,0,0,0,-25,1,Dry
2026,MOTO3,1,Thailand,2026-03-01,Nicola Carraro,0,0,0,0,-25,1,Dry
2026,MOTO3,1,Thailand,2026-03-01,Ryota Ogiwara,0,0,0,0,-25,1,Dry
2026,MOTO3,1,Thailand,2026-03-01,Leonardo Abruzzo,0,0,0,0,-25,1,Dry
2026,MOTO3,1,Thailand,2026-03-01,Eduardo Gutierrez,0,0,0,0,-25,1,Dry
2026,MOTO3,2,Brazil,2026-03-22,Maximo Quiles,0,0,0,20,-5,1,Dry
2026,MOTO3,2,Brazil,2026-03-22,David Almansa,0,0,0,25,0,1,Dry
2026,MOTO3,2,Brazil,2026-03-22,Alvaro Carpe,0,0,0,13,-12,1,Dry
2026,MOTO3,2,Brazil,2026-03-22,Brian Uriarte,0,0,0,10,-15,1,Dry
2026,MOTO3,2,Brazil,2026-03-22,Marco Morelli,0,0,0,9,-16,1,Dry
2026,MOTO3,2,Brazil,2026-03-22,Valentin Perrone,0,0,0,16,-9,1,Dry
2026,MOTO3,2,Brazil,2026-03-22,Hakim Danish,0,0,0,0,-25,1,Dry
2026,MOTO3,2,Brazil,2026-03-22,Veda Pratama,0,0,0,11,-14,1,Dry
2026,MOTO3,2,Brazil,2026-03-22,Matteo Bertelle,0,0,0,0,-25,1,Dry
2026,MOTO3,2,Brazil,2026-03-22,Rico Salmela,0,0,0,0,-25,1,Dry
2026,MOTO3,2,Brazil,2026-03-22,Adrian Cruces,0,0,0,4,-21,1,Dry
2026,MOTO3,2,Brazil,2026-03-22,Guido Pini,0,0,0,0,-25,1,Dry
2026,MOTO3,2,Brazil,2026-03-22,Casey O'gorman,0,0,0,6,-19,1,Dry
2026,MOTO3,2,Brazil,2026-03-22,Joel Kelso,0,0,0,3,-22,1,Dry
2026,MOTO3,2,Brazil,2026-03-22,Joel Esteban,0,0,0,8,-17,1,Dry
2026,MOTO3,2,Brazil,2026-03-22,Eddie O'shea,0,0,0,2,-23,1,Dry
2026,MOTO3,2,Brazil,2026-03-22,Adrian Fernandez,0,0,0,0,-25,1,Dry
2026,MOTO3,2,Brazil,2026-03-22,David Muñoz,0,0,0,7,-18,1,Dry
2026,MOTO3,2,Brazil,2026-03-22,Jesus Rios,0,0,0,0,-25,1,Dry
2026,MOTO3,2,Brazil,2026-03-22,Ryusei Yamanaka,0,0,0,0,-25,1,Dry
2026,MOTO3,2,Brazil,2026-03-22,Scott Ogden,0,0,0,5,-20,1,Dry
2026,MOTO3,2,Brazil,2026-03-22,David Gonzalez,0,0,0,0,-25,1,Dry
2026,MOTO3,2,Brazil,2026-03-22,Marcos Uriarte,0,0,0,0,-25,1,Dry
2026,MOTO3,2,Brazil,2026-03-22,Cormac Buchanan,0,0,0,0,-25,1,Dry
2026,MOTO3,2,Brazil,2026-03-22,Leo Rammerstorfer,0,0,0,1,-24,1,Dry
2026,MOTO3,2,Brazil,2026-03-22,Zen Mitani,0,0,0,0,-25,1,Dry
2026,MOTO3,2,Brazil,2026-03-22,Ruche Moodley,0,0,0,0,-25,1,Dry
2026,MOTO3,2,Brazil,2026-03-22,Kiattisak Singhapong,0,0,0,0,-25,1,Dry
2026,MOTO3,2,Brazil,2026-03-22,Nicola Carraro,0,0,0,0,-25,1,Dry
2026,MOTO3,2,Brazil,2026-03-22,Ryota Ogiwara,0,0,0,0,-25,1,Dry
2026,MOTO3,2,Brazil,2026-03-22,Leonardo Abruzzo,0,0,0,0,-25,1,Dry
2026,MOTO3,2,Brazil,2026-03-22,Eduardo Gutierrez,0,0,0,0,-25,1,Dry
2026,MOTO3,3,USA,2026-03-29,Maximo Quiles,0,20,20,40,0,0,Dry
2026,MOTO3,3,USA,2026-03-29,David Almansa,0,0,0,25,-15,1,Dry
2026,MOTO3,3,USA,2026-03-29,Alvaro Carpe,0,16,16,29,-11,0,Dry
2026,MOTO3,3,USA,2026-03-29,Brian Uriarte,0,10,10,20,-20,0,Dry
2026,MOTO3,3,USA,2026-03-29,Marco Morelli,0,5,5,14,-26,0,Dry
2026,MOTO3,3,USA,2026-03-29,Valentin Perrone,0,13,13,29,-11,0,Dry
2026,MOTO3,3,USA,2026-03-29,Hakim Danish,0,4,4,4,-36,0,Dry
2026,MOTO3,3,USA,2026-03-29,Veda Pratama,0,0,0,11,-29,1,Dry
2026,MOTO3,3,USA,2026-03-29,Matteo Bertelle,0,8,8,8,-32,0,Dry
2026,MOTO3,3,USA,2026-03-29,Rico Salmela,0,11,11,11,-29,0,Dry
2026,MOTO3,3,USA,2026-03-29,Adrian Cruces,0,9,9,13,-27,0,Dry
2026,MOTO3,3,USA,2026-03-29,Guido Pini,0,25,25,25,-15,0,Dry
2026,MOTO3,3,USA,2026-03-29,Casey O'gorman,0,0,0,6,-34,1,Dry
2026,MOTO3,3,USA,2026-03-29,Joel Kelso,0,0,0,3,-37,1,Dry
2026,MOTO3,3,USA,2026-03-29,Joel Esteban,0,0,0,8,-32,1,Dry
2026,MOTO3,3,USA,2026-03-29,Eddie O'shea,0,6,6,8,-32,0,Dry
2026,MOTO3,3,USA,2026-03-29,Adrian Fernandez,0,0,0,0,-40,1,Dry
2026,MOTO3,3,USA,2026-03-29,David Muñoz,0,0,0,7,-33,1,Dry
2026,MOTO3,3,USA,2026-03-29,Jesus Rios,0,2,2,2,-38,0,Dry
2026,MOTO3,3,USA,2026-03-29,Ryusei Yamanaka,0,0,0,0,-40,1,Dry
2026,MOTO3,3,USA,2026-03-29,Scott Ogden,0,7,7,12,-28,0,Dry
2026,MOTO3,3,USA,2026-03-29,David Gonzalez,0,0,0,0,-40,1,Dry
2026,MOTO3,3,USA,2026-03-29,Marcos Uriarte,0,3,3,3,-37,0,Dry
2026,MOTO3,3,USA,2026-03-29,Cormac Buchanan,0,0,0,0,-40,1,Dry
2026,MOTO3,3,USA,2026-03-29,Leo Rammerstorfer,0,0,0,1,-39,1,Dry
2026,MOTO3,3,USA,2026-03-29,Zen Mitani,0,0,0,0,-40,1,Dry
2026,MOTO3,3,USA,2026-03-29,Ruche Moodley,0,1,1,1,-39,0,Dry
2026,MOTO3,3,USA,2026-03-29,Kiattisak Singhapong,0,0,0,0,-40,1,Dry
2026,MOTO3,3,USA,2026-03-29,Nicola Carraro,0,0,0,0,-40,1,Dry
2026,MOTO3,3,USA,2026-03-29,Ryota Ogiwara,0,0,0,0,-40,1,Dry
2026,MOTO3,3,USA,2026-03-29,Leonardo Abruzzo,0,0,0,0,-40,1,Dry
2026,MOTO3,3,USA,2026-03-29,Eduardo Gutierrez,0,0,0,0,-40,1,Dry
2026,MOTO3,4,Spain,2026-04-26,Maximo Quiles,0,25,25,65,0,0,Dry
2026,MOTO3,4,Spain,2026-04-26,David Almansa,0,9,9,34,-31,0,Dry
2026,MOTO3,4,Spain,2026-04-26,Alvaro Carpe,0,13,13,42,-23,0,Dry
2026,MOTO3,4,Spain,2026-04-26,Brian Uriarte,0,6,6,26,-39,0,Dry
2026,MOTO3,4,Spain,2026-04-26,Marco Morelli,0,16,16,30,-35,0,Dry
2026,MOTO3,4,Spain,2026-04-26,Valentin Perrone,0,10,10,39,-26,0,Dry
2026,MOTO3,4,Spain,2026-04-26,Hakim Danish,0,4,4,8,-57,0,Dry
2026,MOTO3,4,Spain,2026-04-26,Veda Pratama,0,11,11,22,-43,0,Dry
2026,MOTO3,4,Spain,2026-04-26,Matteo Bertelle,0,0,0,8,-57,1,Dry
2026,MOTO3,4,Spain,2026-04-26,Rico Salmela,0,2,2,13,-52,0,Dry
2026,MOTO3,4,Spain,2026-04-26,Adrian Cruces,0,0,0,13,-52,1,Dry
2026,MOTO3,4,Spain,2026-04-26,Guido Pini,0,0,0,25,-40,1,Dry
2026,MOTO3,4,Spain,2026-04-26,Casey O'gorman,0,5,5,11,-54,0,Dry
2026,MOTO3,4,Spain,2026-04-26,Joel Kelso,0,3,3,6,-59,0,Dry
2026,MOTO3,4,Spain,2026-04-26,Joel Esteban,0,7,7,15,-50,0,Dry
2026,MOTO3,4,Spain,2026-04-26,Eddie O'shea,0,0,0,8,-57,1,Dry
2026,MOTO3,4,Spain,2026-04-26,Adrian Fernandez,0,0,0,0,-65,1,Dry
2026,MOTO3,4,Spain,2026-04-26,David Muñoz,0,20,20,27,-38,0,Dry
2026,MOTO3,4,Spain,2026-04-26,Jesus Rios,0,8,8,10,-55,0,Dry
2026,MOTO3,4,Spain,2026-04-26,Ryusei Yamanaka,0,0,0,0,-65,1,Dry
2026,MOTO3,4,Spain,2026-04-26,Scott Ogden,0,1,1,13,-52,0,Dry
2026,MOTO3,4,Spain,2026-04-26,David Gonzalez,0,0,0,0,-65,1,Dry
2026,MOTO3,4,Spain,2026-04-26,Marcos Uriarte,0,0,0,3,-62,1,Dry
2026,MOTO3,4,Spain,2026-04-26,Cormac Buchanan,0,0,0,0,-65,1,Dry
2026,MOTO3,4,Spain,2026-04-26,Leo Rammerstorfer,0,0,0,1,-64,1,Dry
2026,MOTO3,4,Spain,2026-04-26,Zen Mitani,0,0,0,0,-65,1,Dry
2026,MOTO3,4,Spain,2026-04-26,Ruche Moodley,0,0,0,1,-64,1,Dry
2026,MOTO3,4,Spain,2026-04-26,Kiattisak Singhapong,0,0,0,0,-65,1,Dry
2026,MOTO3,4,Spain,2026-04-26,Nicola Carraro,0,0,0,0,-65,1,Dry
2026,MOTO3,4,Spain,2026-04-26,Ryota Ogiwara,0,0,0,0,-65,1,Dry
2026,MOTO3,4,Spain,2026-04-26,Leonardo Abruzzo,0,0,0,0,-65,1,Dry
2026,MOTO3,4,Spain,2026-04-26,Eduardo Gutierrez,0,0,0,0,-65,1,Dry
2026,MOTO3,5,France,2026-05-10,Maximo Quiles,0,25,25,90,0,0,Dry
2026,MOTO3,5,France,2026-05-10,David Almansa,0,9,9,43,-47,0,Dry
2026,MOTO3,5,France,2026-05-10,Alvaro Carpe,0,0,0,42,-48,1,Dry
2026,MOTO3,5,France,2026-05-10,Brian Uriarte,0,2,2,28,-62,0,Dry
2026,MOTO3,5,France,2026-05-10,Marco Morelli,0,4,4,34,-56,0,Dry
2026,MOTO3,5,France,2026-05-10,Valentin Perrone,0,6,6,45,-45,0,Dry
2026,MOTO3,5,France,2026-05-10,Hakim Danish,0,7,7,15,-75,0,Dry
2026,MOTO3,5,France,2026-05-10,Veda Pratama,0,16,16,38,-52,0,Dry
2026,MOTO3,5,France,2026-05-10,Matteo Bertelle,0,20,20,28,-62,0,Dry
2026,MOTO3,5,France,2026-05-10,Rico Salmela,0,0,0,13,-77,1,Dry
2026,MOTO3,5,France,2026-05-10,Adrian Cruces,0,10,10,23,-67,0,Dry
2026,MOTO3,5,France,2026-05-10,Guido Pini,0,11,11,36,-54,0,Dry
2026,MOTO3,5,France,2026-05-10,Casey O'gorman,0,0,0,11,-79,1,Dry
2026,MOTO3,5,France,2026-05-10,Joel Kelso,0,0,0,6,-84,1,Dry
2026,MOTO3,5,France,2026-05-10,Joel Esteban,0,13,13,28,-62,0,Dry
2026,MOTO3,5,France,2026-05-10,Eddie O'shea,0,8,8,16,-74,0,Dry
2026,MOTO3,5,France,2026-05-10,Adrian Fernandez,0,0,0,0,-90,1,Dry
2026,MOTO3,5,France,2026-05-10,David Muñoz,0,0,0,27,-63,1,Dry
2026,MOTO3,5,France,2026-05-10,Jesus Rios,0,0,0,10,-80,1,Dry
2026,MOTO3,5,France,2026-05-10,Ryusei Yamanaka,0,5,5,5,-85,0,Dry
2026,MOTO3,5,France,2026-05-10,Scott Ogden,0,0,0,13,-77,1,Dry
2026,MOTO3,5,France,2026-05-10,David Gonzalez,0,0,0,0,-90,1,Dry
2026,MOTO3,5,France,2026-05-10,Marcos Uriarte,0,0,0,3,-87,1,Dry
2026,MOTO3,5,France,2026-05-10,Cormac Buchanan,0,0,0,0,-90,1,Dry
2026,MOTO3,5,France,2026-05-10,Leo Rammerstorfer,0,3,3,4,-86,0,Dry
2026,MOTO3,5,France,2026-05-10,Zen Mitani,0,1,1,1,-89,0,Dry
2026,MOTO3,5,France,2026-05-10,Ruche Moodley,0,0,0,1,-89,1,Dry
2026,MOTO3,5,France,2026-05-10,Kiattisak Singhapong,0,0,0,0,-90,1,Dry
2026,MOTO3,5,France,2026-05-10,Nicola Carraro,0,0,0,0,-90,1,Dry
2026,MOTO3,5,France,2026-05-10,Ryota Ogiwara,0,0,0,0,-90,1,Dry
2026,MOTO3,5,France,2026-05-10,Leonardo Abruzzo,0,0,0,0,-90,1,Dry
2026,MOTO3,5,France,2026-05-10,Eduardo Gutierrez,0,0,0,0,-90,1,Dry
2026,MOTO3,6,Catalonia,2026-05-17,Maximo Quiles,0,25,25,115,0,0,Dry
2026,MOTO3,6,Catalonia,2026-05-17,David Almansa,0,13,13,56,-59,0,Dry
2026,MOTO3,6,Catalonia,2026-05-17,Alvaro Carpe,0,20,20,62,-53,0,Dry
2026,MOTO3,6,Catalonia,2026-05-17,Brian Uriarte,0,0,0,28,-87,1,Dry
2026,MOTO3,6,Catalonia,2026-05-17,Marco Morelli,0,11,11,45,-70,0,Dry
2026,MOTO3,6,Catalonia,2026-05-17,Valentin Perrone,0,6,6,51,-64,0,Dry
2026,MOTO3,6,Catalonia,2026-05-17,Hakim Danish,0,10,10,25,-90,0,Dry
2026,MOTO3,6,Catalonia,2026-05-17,Veda Pratama,0,9,9,47,-68,0,Dry
2026,MOTO3,6,Catalonia,2026-05-17,Matteo Bertelle,0,4,4,32,-83,0,Dry
2026,MOTO3,6,Catalonia,2026-05-17,Rico Salmela,0,1,1,14,-101,0,Dry
2026,MOTO3,6,Catalonia,2026-05-17,Adrian Cruces,0,5,5,28,-87,0,Dry
2026,MOTO3,6,Catalonia,2026-05-17,Guido Pini,0,0,0,36,-79,1,Dry
2026,MOTO3,6,Catalonia,2026-05-17,Casey O'gorman,0,8,8,19,-96,0,Dry
2026,MOTO3,6,Catalonia,2026-05-17,Joel Kelso,0,0,0,6,-109,1,Dry
2026,MOTO3,6,Catalonia,2026-05-17,Joel Esteban,0,2,2,30,-85,0,Dry
2026,MOTO3,6,Catalonia,2026-05-17,Eddie O'shea,0,7,7,23,-92,0,Dry
2026,MOTO3,6,Catalonia,2026-05-17,Adrian Fernandez,0,0,0,0,-115,1,Dry
2026,MOTO3,6,Catalonia,2026-05-17,David Muñoz,0,16,16,43,-72,0,Dry
2026,MOTO3,6,Catalonia,2026-05-17,Jesus Rios,0,0,0,10,-105,1,Dry
2026,MOTO3,6,Catalonia,2026-05-17,Ryusei Yamanaka,0,3,3,8,-107,0,Dry
2026,MOTO3,6,Catalonia,2026-05-17,Scott Ogden,0,0,0,13,-102,1,Dry
2026,MOTO3,6,Catalonia,2026-05-17,David Gonzalez,0,0,0,0,-115,1,Dry
2026,MOTO3,6,Catalonia,2026-05-17,Marcos Uriarte,0,0,0,3,-112,1,Dry
2026,MOTO3,6,Catalonia,2026-05-17,Cormac Buchanan,0,0,0,0,-115,1,Dry
2026,MOTO3,6,Catalonia,2026-05-17,Leo Rammerstorfer,0,0,0,4,-111,1,Dry
2026,MOTO3,6,Catalonia,2026-05-17,Zen Mitani,0,0,0,1,-114,1,Dry
2026,MOTO3,6,Catalonia,2026-05-17,Ruche Moodley,0,0,0,1,-114,1,Dry
2026,MOTO3,6,Catalonia,2026-05-17,Kiattisak Singhapong,0,0,0,0,-115,1,Dry
2026,MOTO3,6,Catalonia,2026-05-17,Nicola Carraro,0,0,0,0,-115,1,Dry
2026,MOTO3,6,Catalonia,2026-05-17,Ryota Ogiwara,0,0,0,0,-115,1,Dry
2026,MOTO3,6,Catalonia,2026-05-17,Leonardo Abruzzo,0,0,0,0,-115,1,Dry
2026,MOTO3,6,Catalonia,2026-05-17,Eduardo Gutierrez,0,0,0,0,-115,1,Dry
2026,MOTO3,7,Italy,2026-05-31,Maximo Quiles,0,5,5,120,0,0,Dry
2026,MOTO3,7,Italy,2026-05-31,David Almansa,0,0,0,56,-64,1,Dry
2026,MOTO3,7,Italy,2026-05-31,Alvaro Carpe,0,20,20,82,-38,0,Dry
2026,MOTO3,7,Italy,2026-05-31,Brian Uriarte,0,25,25,53,-67,0,Dry
2026,MOTO3,7,Italy,2026-05-31,Marco Morelli,0,3,3,48,-72,0,Dry
2026,MOTO3,7,Italy,2026-05-31,Valentin Perrone,0,0,0,51,-69,1,Dry
2026,MOTO3,7,Italy,2026-05-31,Hakim Danish,0,16,16,41,-79,0,Dry
2026,MOTO3,7,Italy,2026-05-31,Veda Pratama,0,8,8,55,-65,0,Dry
2026,MOTO3,7,Italy,2026-05-31,Matteo Bertelle,0,4,4,36,-84,0,Dry
2026,MOTO3,7,Italy,2026-05-31,Rico Salmela,0,0,0,14,-106,1,Dry
2026,MOTO3,7,Italy,2026-05-31,Adrian Cruces,0,0,0,28,-92,1,Dry
2026,MOTO3,7,Italy,2026-05-31,Guido Pini,0,1,1,37,-83,0,Dry
2026,MOTO3,7,Italy,2026-05-31,Casey O'gorman,0,0,0,19,-101,1,Dry
2026,MOTO3,7,Italy,2026-05-31,Joel Kelso,0,7,7,13,-107,0,Dry
2026,MOTO3,7,Italy,2026-05-31,Joel Esteban,0,11,11,41,-79,0,Dry
2026,MOTO3,7,Italy,2026-05-31,Eddie O'shea,0,10,10,33,-87,0,Dry
2026,MOTO3,7,Italy,2026-05-31,Adrian Fernandez,0,13,13,13,-107,0,Dry
2026,MOTO3,7,Italy,2026-05-31,David Muñoz,0,9,9,52,-68,0,Dry
2026,MOTO3,7,Italy,2026-05-31,Jesus Rios,0,6,6,16,-104,0,Dry
2026,MOTO3,7,Italy,2026-05-31,Ryusei Yamanaka,0,0,0,8,-112,1,Dry
2026,MOTO3,7,Italy,2026-05-31,Scott Ogden,0,2,2,15,-105,0,Dry
2026,MOTO3,7,Italy,2026-05-31,David Gonzalez,0,0,0,0,-120,1,Dry
2026,MOTO3,7,Italy,2026-05-31,Marcos Uriarte,0,0,0,3,-117,1,Dry
2026,MOTO3,7,Italy,2026-05-31,Cormac Buchanan,0,0,0,0,-120,1,Dry
2026,MOTO3,7,Italy,2026-05-31,Leo Rammerstorfer,0,0,0,4,-116,1,Dry
2026,MOTO3,7,Italy,2026-05-31,Zen Mitani,0,0,0,1,-119,1,Dry
2026,MOTO3,7,Italy,2026-05-31,Ruche Moodley,0,0,0,1,-119,1,Dry
2026,MOTO3,7,Italy,2026-05-31,Kiattisak Singhapong,0,0,0,0,-120,1,Dry
2026,MOTO3,7,Italy,2026-05-31,Nicola Carraro,0,0,0,0,-120,1,Dry
2026,MOTO3,7,Italy,2026-05-31,Ryota Ogiwara,0,0,0,0,-120,1,Dry
2026,MOTO3,7,Italy,2026-05-31,Leonardo Abruzzo,0,0,0,0,-120,1,Dry
2026,MOTO3,7,Italy,2026-05-31,Eduardo Gutierrez,0,0,0,0,-120,1,Dry
2026,MOTO3,8,Hungary,2026-06-07,Maximo Quiles,0,25,25,145,0,0,Dry
2026,MOTO3,8,Hungary,2026-06-07,David Almansa,0,20,20,76,-69,0,Dry
2026,MOTO3,8,Hungary,2026-06-07,Alvaro Carpe,0,16,16,98,-47,0,Dry
2026,MOTO3,8,Hungary,2026-06-07,Brian Uriarte,0,13,13,66,-79,0,Dry
2026,MOTO3,8,Hungary,2026-06-07,Marco Morelli,0,9,9,57,-88,0,Dry
2026,MOTO3,8,Hungary,2026-06-07,Valentin Perrone,0,0,0,51,-94,1,Dry
2026,MOTO3,8,Hungary,2026-06-07,Hakim Danish,0,0,0,41,-104,1,Dry
2026,MOTO3,8,Hungary,2026-06-07,Veda Pratama,0,0,0,55,-90,1,Dry
2026,MOTO3,8,Hungary,2026-06-07,Matteo Bertelle,0,1,1,37,-108,0,Dry
2026,MOTO3,8,Hungary,2026-06-07,Rico Salmela,0,11,11,25,-120,0,Dry
2026,MOTO3,8,Hungary,2026-06-07,Adrian Cruces,0,10,10,38,-107,0,Dry
2026,MOTO3,8,Hungary,2026-06-07,Guido Pini,0,0,0,37,-108,1,Dry
2026,MOTO3,8,Hungary,2026-06-07,Casey O'gorman,0,7,7,26,-119,0,Dry
2026,MOTO3,8,Hungary,2026-06-07,Joel Kelso,0,4,4,17,-128,0,Dry
2026,MOTO3,8,Hungary,2026-06-07,Joel Esteban,0,3,3,44,-101,0,Dry
2026,MOTO3,8,Hungary,2026-06-07,Eddie O'shea,0,0,0,33,-112,1,Dry
2026,MOTO3,8,Hungary,2026-06-07,Adrian Fernandez,0,6,6,19,-126,0,Dry
2026,MOTO3,8,Hungary,2026-06-07,David Muñoz,0,0,0,52,-93,1,Dry
2026,MOTO3,8,Hungary,2026-06-07,Jesus Rios,0,8,8,24,-121,0,Dry
2026,MOTO3,8,Hungary,2026-06-07,Ryusei Yamanaka,0,0,0,8,-137,1,Dry
2026,MOTO3,8,Hungary,2026-06-07,Scott Ogden,0,5,5,20,-125,0,Dry
2026,MOTO3,8,Hungary,2026-06-07,David Gonzalez,0,0,0,0,-145,1,Dry
2026,MOTO3,8,Hungary,2026-06-07,Marcos Uriarte,0,0,0,3,-142,1,Dry
2026,MOTO3,8,Hungary,2026-06-07,Cormac Buchanan,0,2,2,2,-143,0,Dry
2026,MOTO3,8,Hungary,2026-06-07,Leo Rammerstorfer,0,0,0,4,-141,1,Dry
2026,MOTO3,8,Hungary,2026-06-07,Zen Mitani,0,0,0,1,-144,1,Dry
2026,MOTO3,8,Hungary,2026-06-07,Ruche Moodley,0,0,0,1,-144,1,Dry
2026,MOTO3,8,Hungary,2026-06-07,Kiattisak Singhapong,0,0,0,0,-145,1,Dry
2026,MOTO3,8,Hungary,2026-06-07,Nicola Carraro,0,0,0,0,-145,1,Dry
2026,MOTO3,8,Hungary,2026-06-07,Ryota Ogiwara,0,0,0,0,-145,1,Dry
2026,MOTO3,8,Hungary,2026-06-07,Leonardo Abruzzo,0,0,0,0,-145,1,Dry
2026,MOTO3,8,Hungary,2026-06-07,Eduardo Gutierrez,0,0,0,0,-145,1,Dry
2026,MOTO3,9,Czechia,2026-06-21,Maximo Quiles,0,16,16,161,0,0,Dry
2026,MOTO3,9,Czechia,2026-06-21,David Almansa,0,13,13,89,-72,0,Dry
2026,MOTO3,9,Czechia,2026-06-21,Alvaro Carpe,0,10,10,108,-53,0,Dry
2026,MOTO3,9,Czechia,2026-06-21,Brian Uriarte,0,20,20,86,-75,0,Dry
2026,MOTO3,9,Czechia,2026-06-21,Marco Morelli,0,9,9,66,-95,0,Dry
2026,MOTO3,9,Czechia,2026-06-21,Valentin Perrone,0,6,6,57,-104,0,Dry
2026,MOTO3,9,Czechia,2026-06-21,Hakim Danish,0,25,25,66,-95,0,Dry
2026,MOTO3,9,Czechia,2026-06-21,Veda Pratama,0,11,11,66,-95,0,Dry
2026,MOTO3,9,Czechia,2026-06-21,Matteo Bertelle,0,5,5,42,-119,0,Dry
2026,MOTO3,9,Czechia,2026-06-21,Rico Salmela,0,0,0,25,-136,1,Dry
2026,MOTO3,9,Czechia,2026-06-21,Adrian Cruces,0,4,4,42,-119,0,Dry
2026,MOTO3,9,Czechia,2026-06-21,Guido Pini,0,0,0,37,-124,1,Dry
2026,MOTO3,9,Czechia,2026-06-21,Casey O'gorman,0,0,0,26,-135,1,Dry
2026,MOTO3,9,Czechia,2026-06-21,Joel Kelso,0,8,8,25,-136,0,Dry
2026,MOTO3,9,Czechia,2026-06-21,Joel Esteban,0,0,0,44,-117,1,Dry
2026,MOTO3,9,Czechia,2026-06-21,Eddie O'shea,0,0,0,33,-128,1,Dry
2026,MOTO3,9,Czechia,2026-06-21,Adrian Fernandez,0,2,2,21,-140,0,Dry
2026,MOTO3,9,Czechia,2026-06-21,David Muñoz,0,0,0,52,-109,1,Dry
2026,MOTO3,9,Czechia,2026-06-21,Jesus Rios,0,0,0,24,-137,1,Dry
2026,MOTO3,9,Czechia,2026-06-21,Ryusei Yamanaka,0,1,1,9,-152,0,Dry
2026,MOTO3,9,Czechia,2026-06-21,Scott Ogden,0,7,7,27,-134,0,Dry
2026,MOTO3,9,Czechia,2026-06-21,David Gonzalez,0,0,0,0,-161,1,Dry
2026,MOTO3,9,Czechia,2026-06-21,Marcos Uriarte,0,3,3,6,-155,0,Dry
2026,MOTO3,9,Czechia,2026-06-21,Cormac Buchanan,0,0,0,2,-159,1,Dry
2026,MOTO3,9,Czechia,2026-06-21,Leo Rammerstorfer,0,0,0,4,-157,1,Dry
2026,MOTO3,9,Czechia,2026-06-21,Zen Mitani,0,0,0,1,-160,1,Dry
2026,MOTO3,9,Czechia,2026-06-21,Ruche Moodley,0,0,0,1,-160,1,Dry
2026,MOTO3,9,Czechia,2026-06-21,Kiattisak Singhapong,0,0,0,0,-161,1,Dry
2026,MOTO3,9,Czechia,2026-06-21,Nicola Carraro,0,0,0,0,-161,1,Dry
2026,MOTO3,9,Czechia,2026-06-21,Ryota Ogiwara,0,0,0,0,-161,1,Dry
2026,MOTO3,9,Czechia,2026-06-21,Leonardo Abruzzo,0,0,0,0,-161,1,Dry
2026,MOTO3,9,Czechia,2026-06-21,Eduardo Gutierrez,0,0,0,0,-161,1,Dry
2026,MOTO3,10,Netherlands,2026-06-28,Maximo Quiles,0,25,25,186,0,0,Dry
2026,MOTO3,10,Netherlands,2026-06-28,David Almansa,0,20,20,109,-77,0,Dry
2026,MOTO3,10,Netherlands,2026-06-28,Alvaro Carpe,0,0,0,108,-78,1,Dry
2026,MOTO3,10,Netherlands,2026-06-28,Brian Uriarte,0,10,10,96,-90,0,Dry
2026,MOTO3,10,Netherlands,2026-06-28,Marco Morelli,0,16,16,82,-104,0,Dry
2026,MOTO3,10,Netherlands,2026-06-28,Valentin Perrone,0,13,13,70,-116,0,Dry
2026,MOTO3,10,Netherlands,2026-06-28,Hakim Danish,0,9,9,75,-111,0,Dry
2026,MOTO3,10,Netherlands,2026-06-28,Veda Pratama,0,0,0,66,-120,1,Dry
2026,MOTO3,10,Netherlands,2026-06-28,Matteo Bertelle,0,2,2,44,-142,0,Dry
2026,MOTO3,10,Netherlands,2026-06-28,Rico Salmela,0,5,5,30,-156,0,Dry
2026,MOTO3,10,Netherlands,2026-06-28,Adrian Cruces,0,0,0,42,-144,1,Dry
2026,MOTO3,10,Netherlands,2026-06-28,Guido Pini,0,0,0,37,-149,1,Dry
2026,MOTO3,10,Netherlands,2026-06-28,Casey O'gorman,0,6,6,32,-154,0,Dry
2026,MOTO3,10,Netherlands,2026-06-28,Joel Kelso,0,8,8,33,-153,0,Dry
2026,MOTO3,10,Netherlands,2026-06-28,Joel Esteban,0,4,4,48,-138,0,Dry
2026,MOTO3,10,Netherlands,2026-06-28,Eddie O'shea,0,1,1,34,-152,0,Dry
2026,MOTO3,10,Netherlands,2026-06-28,Adrian Fernandez,0,7,7,28,-158,0,Dry
2026,MOTO3,10,Netherlands,2026-06-28,David Muñoz,0,0,0,52,-134,1,Dry
2026,MOTO3,10,Netherlands,2026-06-28,Jesus Rios,0,11,11,35,-151,0,Dry
2026,MOTO3,10,Netherlands,2026-06-28,Ryusei Yamanaka,0,3,3,12,-174,0,Dry
2026,MOTO3,10,Netherlands,2026-06-28,Scott Ogden,0,0,0,27,-159,1,Dry
2026,MOTO3,10,Netherlands,2026-06-28,David Gonzalez,0,0,0,0,-186,1,Dry
2026,MOTO3,10,Netherlands,2026-06-28,Marcos Uriarte,0,0,0,6,-180,1,Dry
2026,MOTO3,10,Netherlands,2026-06-28,Cormac Buchanan,0,0,0,2,-184,1,Dry
2026,MOTO3,10,Netherlands,2026-06-28,Leo Rammerstorfer,0,0,0,4,-182,1,Dry
2026,MOTO3,10,Netherlands,2026-06-28,Zen Mitani,0,0,0,1,-185,1,Dry
2026,MOTO3,10,Netherlands,2026-06-28,Ruche Moodley,0,0,0,1,-185,1,Dry
2026,MOTO3,10,Netherlands,2026-06-28,Kiattisak Singhapong,0,0,0,0,-186,1,Dry
2026,MOTO3,10,Netherlands,2026-06-28,Nicola Carraro,0,0,0,0,-186,1,Dry
2026,MOTO3,10,Netherlands,2026-06-28,Ryota Ogiwara,0,0,0,0,-186,1,Dry
2026,MOTO3,10,Netherlands,2026-06-28,Leonardo Abruzzo,0,0,0,0,-186,1,Dry
2026,MOTO3,10,Netherlands,2026-06-28,Eduardo Gutierrez,0,0,0,0,-186,1,Dry
2026,MOTO3,11,Germany,2026-07-12,Maximo Quiles,0,20,20,206,0,0,Dry
2026,MOTO3,11,Germany,2026-07-12,David Almansa,0,0,0,109,-97,1,Dry
2026,MOTO3,11,Germany,2026-07-12,Alvaro Carpe,0,5,5,113,-93,0,Dry
2026,MOTO3,11,Germany,2026-07-12,Brian Uriarte,0,25,25,121,-85,0,Dry
2026,MOTO3,11,Germany,2026-07-12,Marco Morelli,0,13,13,95,-111,0,Dry
2026,MOTO3,11,Germany,2026-07-12,Valentin Perrone,0,0,0,70,-136,1,Dry
2026,MOTO3,11,Germany,2026-07-12,Hakim Danish,0,4,4,79,-127,0,Dry
2026,MOTO3,11,Germany,2026-07-12,Veda Pratama,0,8,8,74,-132,0,Dry
2026,MOTO3,11,Germany,2026-07-12,Matteo Bertelle,0,16,16,60,-146,0,Dry
2026,MOTO3,11,Germany,2026-07-12,Rico Salmela,0,11,11,41,-165,0,Dry
2026,MOTO3,11,Germany,2026-07-12,Adrian Cruces,0,0,0,42,-164,1,Dry
2026,MOTO3,11,Germany,2026-07-12,Guido Pini,0,1,1,38,-168,0,Dry
2026,MOTO3,11,Germany,2026-07-12,Casey O'gorman,0,0,0,32,-174,1,Dry
2026,MOTO3,11,Germany,2026-07-12,Joel Kelso,0,2,2,35,-171,0,Dry
2026,MOTO3,11,Germany,2026-07-12,Joel Esteban,0,0,0,48,-158,1,Dry
2026,MOTO3,11,Germany,2026-07-12,Eddie O'shea,0,6,6,40,-166,0,Dry
2026,MOTO3,11,Germany,2026-07-12,Adrian Fernandez,0,10,10,38,-168,0,Dry
2026,MOTO3,11,Germany,2026-07-12,David Muñoz,0,0,0,52,-154,1,Dry
2026,MOTO3,11,Germany,2026-07-12,Jesus Rios,0,9,9,44,-162,0,Dry
2026,MOTO3,11,Germany,2026-07-12,Ryusei Yamanaka,0,7,7,19,-187,0,Dry
2026,MOTO3,11,Germany,2026-07-12,Scott Ogden,0,0,0,27,-179,1,Dry
2026,MOTO3,11,Germany,2026-07-12,David Gonzalez,0,0,0,0,-206,1,Dry
2026,MOTO3,11,Germany,2026-07-12,Marcos Uriarte,0,0,0,6,-200,1,Dry
2026,MOTO3,11,Germany,2026-07-12,Cormac Buchanan,0,3,3,5,-201,0,Dry
2026,MOTO3,11,Germany,2026-07-12,Leo Rammerstorfer,0,0,0,4,-202,1,Dry
2026,MOTO3,11,Germany,2026-07-12,Zen Mitani,0,0,0,1,-205,1,Dry
2026,MOTO3,11,Germany,2026-07-12,Ruche Moodley,0,0,0,1,-205,1,Dry
2026,MOTO3,11,Germany,2026-07-12,Kiattisak Singhapong,0,0,0,0,-206,1,Dry
2026,MOTO3,11,Germany,2026-07-12,Nicola Carraro,0,0,0,0,-206,1,Dry
2026,MOTO3,11,Germany,2026-07-12,Ryota Ogiwara,0,0,0,0,-206,1,Dry
2026,MOTO3,11,Germany,2026-07-12,Leonardo Abruzzo,0,0,0,0,-206,1,Dry
2026,MOTO3,11,Germany,2026-07-12,Eduardo Gutierrez,0,0,0,0,-206,1,Dry
2026,MOTO3,12,Great Britain,2026-08-09,Maximo Quiles,0,0,0,206,0,1,Dry
2026,MOTO3,12,Great Britain,2026-08-09,David Almansa,0,25,25,134,-72,0,Dry
2026,MOTO3,12,Great Britain,2026-08-09,Alvaro Carpe,0,20,20,133,-73,0,Dry
2026,MOTO3,12,Great Britain,2026-08-09,Brian Uriarte,0,0,0,121,-85,1,Dry
2026,MOTO3,12,Great Britain,2026-08-09,Marco Morelli,0,0,0,95,-111,1,Dry
2026,MOTO3,12,Great Britain,2026-08-09,Valentin Perrone,0,16,16,86,-120,0,Dry
2026,MOTO3,12,Great Britain,2026-08-09,Hakim Danish,0,0,0,79,-127,1,Dry
2026,MOTO3,12,Great Britain,2026-08-09,Veda Pratama,0,7,7,81,-125,0,Dry
2026,MOTO3,12,Great Britain,2026-08-09,Matteo Bertelle,0,6,6,66,-140,0,Dry
2026,MOTO3,12,Great Britain,2026-08-09,Rico Salmela,0,9,9,50,-156,0,Dry
2026,MOTO3,12,Great Britain,2026-08-09,Adrian Cruces,0,0,0,42,-164,1,Dry
2026,MOTO3,12,Great Britain,2026-08-09,Guido Pini,0,3,3,41,-165,0,Dry
2026,MOTO3,12,Great Britain,2026-08-09,Casey O'gorman,0,4,4,36,-170,0,Dry
2026,MOTO3,12,Great Britain,2026-08-09,Joel Kelso,0,10,10,45,-161,0,Dry
2026,MOTO3,12,Great Britain,2026-08-09,Joel Esteban,0,11,11,59,-147,0,Dry
2026,MOTO3,12,Great Britain,2026-08-09,Eddie O'shea,0,8,8,48,-158,0,Dry
2026,MOTO3,12,Great Britain,2026-08-09,Adrian Fernandez,0,13,13,51,-155,0,Dry
2026,MOTO3,12,Great Britain,2026-08-09,David Muñoz,0,0,0,52,-154,1,Dry
2026,MOTO3,12,Great Britain,2026-08-09,Jesus Rios,0,5,5,49,-157,0,Dry
2026,MOTO3,12,Great Britain,2026-08-09,Ryusei Yamanaka,0,0,0,19,-187,1,Dry
2026,MOTO3,12,Great Britain,2026-08-09,Scott Ogden,0,0,0,27,-179,1,Dry
2026,MOTO3,12,Great Britain,2026-08-09,David Gonzalez,0,2,2,2,-204,0,Dry
2026,MOTO3,12,Great Britain,2026-08-09,Marcos Uriarte,0,0,0,6,-200,1,Dry
2026,MOTO3,12,Great Britain,2026-08-09,Cormac Buchanan,0,0,0,5,-201,1,Dry
2026,MOTO3,12,Great Britain,2026-08-09,Leo Rammerstorfer,0,0,0,4,-202,1,Dry
2026,MOTO3,12,Great Britain,2026-08-09,Zen Mitani,0,0,0,1,-205,1,Dry
2026,MOTO3,12,Great Britain,2026-08-09,Ruche Moodley,0,0,0,1,-205,1,Dry
2026,MOTO3,12,Great Britain,2026-08-09,Kiattisak Singhapong,0,1,1,1,-205,0,Dry
2026,MOTO3,12,Great Britain,2026-08-09,Nicola Carraro,0,0,0,0,-206,1,Dry
2026,MOTO3,12,Great Britain,2026-08-09,Ryota Ogiwara,0,0,0,0,-206,1,Dry
2026,MOTO3,12,Great Britain,2026-08-09,Leonardo Abruzzo,0,0,0,0,-206,1,Dry
2026,MOTO3,12,Great Britain,2026-08-09,Eduardo Gutierrez,0,0,0,0,-206,1,Dry
2026,MOTO3,13,Aragon,2026-08-30,Maximo Quiles,0,25,25,231,0,0,Dry
2026,MOTO3,13,Aragon,2026-08-30,David Almansa,0,20,20,154,-77,0,Dry
2026,MOTO3,13,Aragon,2026-08-30,Alvaro Carpe,0,13,13,146,-85,0,Dry
2026,MOTO3,13,Aragon,2026-08-30,Brian Uriarte,0,11,11,132,-99,0,Dry
2026,MOTO3,13,Aragon,2026-08-30,Marco Morelli,0,16,16,111,-120,0,Dry
2026,MOTO3,13,Aragon,2026-08-30,Valentin Perrone,0,8,8,94,-137,0,Dry
2026,MOTO3,13,Aragon,2026-08-30,Hakim Danish,0,4,4,83,-148,0,Dry
2026,MOTO3,13,Aragon,2026-08-30,Veda Pratama,0,0,0,81,-150,1,Dry
2026,MOTO3,13,Aragon,2026-08-30,Matteo Bertelle,0,5,5,71,-160,0,Dry
2026,MOTO3,13,Aragon,2026-08-30,Rico Salmela,0,0,0,50,-181,1,Dry
2026,MOTO3,13,Aragon,2026-08-30,Adrian Cruces,0,10,10,52,-179,0,Dry
2026,MOTO3,13,Aragon,2026-08-30,Guido Pini,0,7,7,48,-183,0,Dry
2026,MOTO3,13,Aragon,2026-08-30,Casey O'gorman,0,9,9,45,-186,0,Dry
2026,MOTO3,13,Aragon,2026-08-30,Joel Kelso,0,3,3,48,-183,0,Dry
2026,MOTO3,13,Aragon,2026-08-30,Joel Esteban,0,0,0,59,-172,1,Dry
2026,MOTO3,13,Aragon,2026-08-30,Eddie O'shea,0,2,2,50,-181,0,Dry
2026,MOTO3,13,Aragon,2026-08-30,Adrian Fernandez,0,6,6,57,-174,0,Dry
2026,MOTO3,13,Aragon,2026-08-30,David Muñoz,0,0,0,52,-179,1,Dry
2026,MOTO3,13,Aragon,2026-08-30,Jesus Rios,0,0,0,49,-182,1,Dry
2026,MOTO3,13,Aragon,2026-08-30,Ryusei Yamanaka,0,0,0,19,-212,1,Dry
2026,MOTO3,13,Aragon,2026-08-30,Scott Ogden,0,1,1,28,-203,0,Dry
2026,MOTO3,13,Aragon,2026-08-30,David Gonzalez,0,0,0,2,-229,1,Dry
2026,MOTO3,13,Aragon,2026-08-30,Marcos Uriarte,0,0,0,6,-225,1,Dry
2026,MOTO3,13,Aragon,2026-08-30,Cormac Buchanan,0,0,0,5,-226,1,Dry
2026,MOTO3,13,Aragon,2026-08-30,Leo Rammerstorfer,0,0,0,4,-227,1,Dry
2026,MOTO3,13,Aragon,2026-08-30,Zen Mitani,0,0,0,1,-230,1,Dry
2026,MOTO3,13,Aragon,2026-08-30,Ruche Moodley,0,0,0,1,-230,1,Dry
2026,MOTO3,13,Aragon,2026-08-30,Kiattisak Singhapong,0,0,0,1,-230,1,Dry
2026,MOTO3,13,Aragon,2026-08-30,Nicola Carraro,0,0,0,0,-231,1,Dry
2026,MOTO3,13,Aragon,2026-08-30,Ryota Ogiwara,0,0,0,0,-231,1,Dry
2026,MOTO3,13,Aragon,2026-08-30,Leonardo Abruzzo,0,0,0,0,-231,1,Dry
2026,MOTO3,13,Aragon,2026-08-30,Eduardo Gutierrez,0,0,0,0,-231,1,Dry
2026,MOTO3,14,San Marino,2026-09-13,Maximo Quiles,0,25,25,256,0,0,Dry
2026,MOTO3,14,San Marino,2026-09-13,David Almansa,0,20,20,174,-82,0,Dry
2026,MOTO3,14,San Marino,2026-09-13,Alvaro Carpe,0,0,0,146,-110,1,Dry
2026,MOTO3,14,San Marino,2026-09-13,Brian Uriarte,0,16,16,148,-108,0,Dry
2026,MOTO3,14,San Marino,2026-09-13,Marco Morelli,0,7,7,118,-138,0,Dry
2026,MOTO3,14,San Marino,2026-09-13,Valentin Perrone,0,11,11,105,-151,0,Dry
2026,MOTO3,14,San Marino,2026-09-13,Hakim Danish,0,4,4,87,-169,0,Dry
2026,MOTO3,14,San Marino,2026-09-13,Veda Pratama,0,0,0,81,-175,1,Dry
2026,MOTO3,14,San Marino,2026-09-13,Matteo Bertelle,0,13,13,84,-172,0,Dry
2026,MOTO3,14,San Marino,2026-09-13,Rico Salmela,0,10,10,60,-196,0,Dry
2026,MOTO3,14,San Marino,2026-09-13,Adrian Cruces,0,8,8,60,-196,0,Dry
2026,MOTO3,14,San Marino,2026-09-13,Guido Pini,0,0,0,48,-208,1,Dry
2026,MOTO3,14,San Marino,2026-09-13,Casey O'gorman,0,6,6,51,-205,0,Dry
2026,MOTO3,14,San Marino,2026-09-13,Joel Kelso,0,9,9,57,-199,0,Dry
2026,MOTO3,14,San Marino,2026-09-13,Joel Esteban,0,0,0,59,-197,1,Dry
2026,MOTO3,14,San Marino,2026-09-13,Eddie O'shea,0,0,0,50,-206,1,Dry
2026,MOTO3,14,San Marino,2026-09-13,Adrian Fernandez,0,2,2,59,-197,0,Dry
2026,MOTO3,14,San Marino,2026-09-13,David Muñoz,0,0,0,52,-204,1,Dry
2026,MOTO3,14,San Marino,2026-09-13,Jesus Rios,0,0,0,49,-207,1,Dry
2026,MOTO3,14,San Marino,2026-09-13,Ryusei Yamanaka,0,3,3,22,-234,0,Dry
2026,MOTO3,14,San Marino,2026-09-13,Scott Ogden,0,1,1,29,-227,0,Dry
2026,MOTO3,14,San Marino,2026-09-13,David Gonzalez,0,5,5,7,-249,0,Dry
2026,MOTO3,14,San Marino,2026-09-13,Marcos Uriarte,0,0,0,6,-250,1,Dry
2026,MOTO3,14,San Marino,2026-09-13,Cormac Buchanan,0,0,0,5,-251,1,Dry
2026,MOTO3,14,San Marino,2026-09-13,Leo Rammerstorfer,0,0,0,4,-252,1,Dry
2026,MOTO3,14,San Marino,2026-09-13,Zen Mitani,0,0,0,1,-255,1,Dry
2026,MOTO3,14,San Marino,2026-09-13,Ruche Moodley,0,0,0,1,-255,1,Dry
2026,MOTO3,14,San Marino,2026-09-13,Kiattisak Singhapong,0,0,0,1,-255,1,Dry
2026,MOTO3,14,San Marino,2026-09-13,Nicola Carraro,0,0,0,0,-256,1,Dry
2026,MOTO3,14,San Marino,2026-09-13,Ryota Ogiwara,0,0,0,0,-256,1,Dry
2026,MOTO3,14,San Marino,2026-09-13,Leonardo Abruzzo,0,0,0,0,-256,1,Dry
2026,MOTO3,14,San Marino,2026-09-13,Eduardo Gutierrez,0,0,0,0,-256,1,Dry
2026,MOTO3,15,Austria,2026-09-20,Maximo Quiles,0,25,25,281,0,0,Dry
2026,MOTO3,15,Austria,2026-09-20,David Almansa,0,0,0,174,-107,1,Dry
2026,MOTO3,15,Austria,2026-09-20,Alvaro Carpe,0,16,16,162,-119,0,Dry
2026,MOTO3,15,Austria,2026-09-20,Brian Uriarte,0,20,20,168,-113,0,Dry
2026,MOTO3,15,Austria,2026-09-20,Marco Morelli,0,8,8,126,-155,0,Dry
2026,MOTO3,15,Austria,2026-09-20,Valentin Perrone,0,4,4,109,-172,0,Dry
2026,MOTO3,15,Austria,2026-09-20,Hakim Danish,0,7,7,94,-187,0,Dry
2026,MOTO3,15,Austria,2026-09-20,Veda Pratama,0,3,3,84,-197,0,Dry
2026,MOTO3,15,Austria,2026-09-20,Matteo Bertelle,0,2,2,86,-195,0,Dry
2026,MOTO3,15,Austria,2026-09-20,Rico Salmela,0,0,0,60,-221,1,Dry
2026,MOTO3,15,Austria,2026-09-20,Adrian Cruces,0,9,9,69,-212,0,Dry
2026,MOTO3,15,Austria,2026-09-20,Guido Pini,0,11,11,59,-222,0,Dry
2026,MOTO3,15,Austria,2026-09-20,Casey O'gorman,0,10,10,61,-220,0,Dry
2026,MOTO3,15,Austria,2026-09-20,Joel Kelso,0,5,5,62,-219,0,Dry
2026,MOTO3,15,Austria,2026-09-20,Joel Esteban,0,0,0,59,-222,1,Dry
2026,MOTO3,15,Austria,2026-09-20,Eddie O'shea,0,13,13,63,-218,0,Dry
2026,MOTO3,15,Austria,2026-09-20,Adrian Fernandez,0,0,0,59,-222,1,Dry
2026,MOTO3,15,Austria,2026-09-20,David Muñoz,0,0,0,52,-229,1,Dry
2026,MOTO3,15,Austria,2026-09-20,Jesus Rios,0,0,0,49,-232,1,Dry
2026,MOTO3,15,Austria,2026-09-20,Ryusei Yamanaka,0,6,6,28,-253,0,Dry
2026,MOTO3,15,Austria,2026-09-20,Scott Ogden,0,1,1,30,-251,0,Dry
2026,MOTO3,15,Austria,2026-09-20,David Gonzalez,0,0,0,7,-274,1,Dry
2026,MOTO3,15,Austria,2026-09-20,Marcos Uriarte,0,0,0,6,-275,1,Dry
2026,MOTO3,15,Austria,2026-09-20,Cormac Buchanan,0,0,0,5,-276,1,Dry
2026,MOTO3,15,Austria,2026-09-20,Leo Rammerstorfer,0,0,0,4,-277,1,Dry
2026,MOTO3,15,Austria,2026-09-20,Zen Mitani,0,0,0,1,-280,1,Dry
2026,MOTO3,15,Austria,2026-09-20,Ruche Moodley,0,0,0,1,-280,1,Dry
2026,MOTO3,15,Austria,2026-09-20,Kiattisak Singhapong,0,0,0,1,-280,1,Dry
2026,MOTO3,15,Austria,2026-09-20,Nicola Carraro,0,0,0,0,-281,1,Dry
2026,MOTO3,15,Austria,2026-09-20,Ryota Ogiwara,0,0,0,0,-281,1,Dry
2026,MOTO3,15,Austria,2026-09-20,Leonardo Abruzzo,0,0,0,0,-281,1,Dry
2026,MOTO3,15,Austria,2026-09-20,Eduardo Gutierrez,0,0,0,0,-281,1,Dry
2026,MOTO3,16,Japan,2026-10-04,Maximo Quiles,0,20,45,326,0,0,Dry
2026,MOTO3,16,Japan,2026-10-04,David Almansa,0,25,25,199,-127,0,Dry
2026,MOTO3,16,Japan,2026-10-04,Alvaro Carpe,0,16,29,191,-135,0,Dry
2026,MOTO3,16,Japan,2026-10-04,Brian Uriarte,0,13,19,187,-139,0,Dry
2026,MOTO3,16,Japan,2026-10-04,Marco Morelli,0,0,20,146,-180,0,Dry
2026,MOTO3,16,Japan,2026-10-04,Valentin Perrone,0,2,11,120,-206,0,Dry
2026,MOTO3,16,Japan,2026-10-04,Hakim Danish,0,4,11,105,-221,0,Dry
2026,MOTO3,16,Japan,2026-10-04,Veda Pratama,0,5,21,105,-221,0,Dry
2026,MOTO3,16,Japan,2026-10-04,Matteo Bertelle,0,10,10,96,-230,0,Dry
2026,MOTO3,16,Japan,2026-10-04,Rico Salmela,0,11,21,81,-245,0,Dry
2026,MOTO3,16,Japan,2026-10-04,Adrian Cruces,0,6,10,79,-247,0,Dry
2026,MOTO3,16,Japan,2026-10-04,Guido Pini,0,0,11,70,-256,0,Dry
2026,MOTO3,16,Japan,2026-10-04,Casey O'gorman,0,1,9,70,-256,0,Dry
2026,MOTO3,16,Japan,2026-10-04,Joel Kelso,0,0,5,67,-259,0,Dry
2026,MOTO3,16,Japan,2026-10-04,Joel Esteban,0,7,7,66,-260,0,Dry
2026,MOTO3,16,Japan,2026-10-04,Eddie O'shea,0,0,2,65,-261,0,Dry
2026,MOTO3,16,Japan,2026-10-04,Adrian Fernandez,0,3,3,62,-264,0,Dry
2026,MOTO3,16,Japan,2026-10-04,David Muñoz,0,9,9,61,-265,0,Dry
2026,MOTO3,16,Japan,2026-10-04,Jesus Rios,0,0,0,49,-277,1,Dry
2026,MOTO3,16,Japan,2026-10-04,Ryusei Yamanaka,0,8,11,39,-287,0,Dry
2026,MOTO3,16,Japan,2026-10-04,Scott Ogden,0,0,0,30,-296,1,Dry
2026,MOTO3,16,Japan,2026-10-04,David Gonzalez,0,0,0,7,-319,1,Dry
2026,MOTO3,16,Japan,2026-10-04,Marcos Uriarte,0,0,0,6,-320,1,Dry
2026,MOTO3,16,Japan,2026-10-04,Cormac Buchanan,0,0,0,5,-321,1,Dry
2026,MOTO3,16,Japan,2026-10-04,Leo Rammerstorfer,0,0,0,4,-322,1,Dry
2026,MOTO3,16,Japan,2026-10-04,Zen Mitani,0,0,1,2,-324,0,Dry
2026,MOTO3,16,Japan,2026-10-04,Ruche Moodley,0,0,0,1,-325,1,Dry
2026,MOTO3,16,Japan,2026-10-04,Kiattisak Singhapong,0,0,0,1,-325,1,Dry
2026,MOTO3,16,Japan,2026-10-04,Nicola Carraro,0,0,0,0,-326,1,Dry
2026,MOTO3,16,Japan,2026-10-04,Ryota Ogiwara,0,0,0,0,-326,1,Dry
2026,MOTO3,16,Japan,2026-10-04,Leonardo Abruzzo,0,0,0,0,-326,1,Dry
2026,MOTO3,16,Japan,2026-10-04,Eduardo Gutierrez,0,0,0,0,-326,1,Dry
